team1,team2,toss_winner,toss_decision,venue,winner,team1_runs,team2_runs
Mumbai Indians,Chennai Super Kings,Mumbai Indians,field,Sawai Mansingh Stadium,Mumbai Indians,172,161
Mumbai Indians,Rajasthan Royals,Mumbai Indians,field,Rajiv Gandhi International Stadium,Mumbai Indians,200,190
Chennai Super Kings,Rajasthan Royals,Rajasthan Royals,bat,Eden Gardens,Chennai Super Kings,159,155
Sunrisers Hyderabad,Rajasthan Royals,Rajasthan Royals,field,Sawai Mansingh Stadium,Rajasthan Royals,189,196
Delhi Capitals,Royal Challengers Bangalore,Delhi Capitals,bat,M Chinnaswamy Stadium,Delhi Capitals,198,191
Mumbai Indians,Royal Challengers Bangalore,Royal Challengers Bangalore,bat,Arun Jaitley Stadium,Royal Challengers Bangalore,153,162
Mumbai Indians,Kolkata Knight Riders,Kolkata Knight Riders,bat,Wankhede Stadium,Mumbai Indians,187,142
Delhi Capitals,Rajasthan Royals,Rajasthan Royals,field,Eden Gardens,Delhi Capitals,153,148
Mumbai Indians,Punjab Kings,Punjab Kings,field,Eden Gardens,Mumbai Indians,169,163
Royal Challengers Bangalore,Sunrisers Hyderabad,Royal Challengers Bangalore,field,Arun Jaitley Stadium,Sunrisers Hyderabad,142,144
Royal Challengers Bangalore,Rajasthan Royals,Royal Challengers Bangalore,field,Eden Gardens,Rajasthan Royals,190,199
Kolkata Knight Riders,Delhi Capitals,Delhi Capitals,bat,Arun Jaitley Stadium,Kolkata Knight Riders,161,130
Chennai Super Kings,Punjab Kings,Chennai Super Kings,field,Arun Jaitley Stadium,Punjab Kings,153,159
Delhi Capitals,Mumbai Indians,Delhi Capitals,bat,Narendra Modi Stadium,Mumbai Indians,135,170
Rajasthan Royals,Mumbai Indians,Mumbai Indians,field,Eden Gardens,Mumbai Indians,147,157
Punjab Kings,Rajasthan Royals,Punjab Kings,bat,Rajiv Gandhi International Stadium,Punjab Kings,205,197
Mumbai Indians,Punjab Kings,Punjab Kings,field,MA Chidambaram Stadium (Chepauk),Mumbai Indians,152,125
Punjab Kings,Rajasthan Royals,Punjab Kings,field,Wankhede Stadium,Punjab Kings,193,155
Rajasthan Royals,Sunrisers Hyderabad,Sunrisers Hyderabad,field,MA Chidambaram Stadium (Chepauk),Sunrisers Hyderabad,154,159
Delhi Capitals,Chennai Super Kings,Delhi Capitals,field,Sawai Mansingh Stadium,Chennai Super Kings,132,167
Rajasthan Royals,Sunrisers Hyderabad,Sunrisers Hyderabad,field,M Chinnaswamy Stadium,Sunrisers Hyderabad,194,203
Kolkata Knight Riders,Mumbai Indians,Mumbai Indians,field,Arun Jaitley Stadium,Mumbai Indians,158,167
Chennai Super Kings,Rajasthan Royals,Chennai Super Kings,field,Arun Jaitley Stadium,Chennai Super Kings,150,145
Kolkata Knight Riders,Chennai Super Kings,Chennai Super Kings,bat,Eden Gardens,Kolkata Knight Riders,193,185
Mumbai Indians,Punjab Kings,Mumbai Indians,field,M Chinnaswamy Stadium,Mumbai Indians,189,141
Rajasthan Royals,Sunrisers Hyderabad,Sunrisers Hyderabad,bat,Rajiv Gandhi International Stadium,Sunrisers Hyderabad,166,170
Rajasthan Royals,Kolkata Knight Riders,Rajasthan Royals,field,Arun Jaitley Stadium,Rajasthan Royals,176,172
Mumbai Indians,Royal Challengers Bangalore,Royal Challengers Bangalore,field,MA Chidambaram Stadium (Chepauk),Mumbai Indians,173,169
Mumbai Indians,Delhi Capitals,Mumbai Indians,bat,MA Chidambaram Stadium (Chepauk),Delhi Capitals,136,142
Mumbai Indians,Rajasthan Royals,Mumbai Indians,field,Eden Gardens,Mumbai Indians,189,179
Sunrisers Hyderabad,Mumbai Indians,Mumbai Indians,field,Narendra Modi Stadium,Sunrisers Hyderabad,166,159
Delhi Capitals,Kolkata Knight Riders,Delhi Capitals,bat,Rajiv Gandhi International Stadium,Kolkata Knight Riders,136,138
Chennai Super Kings,Kolkata Knight Riders,Kolkata Knight Riders,field,Arun Jaitley Stadium,Chennai Super Kings,196,187
Sunrisers Hyderabad,Mumbai Indians,Sunrisers Hyderabad,field,Rajiv Gandhi International Stadium,Mumbai Indians,156,183
Mumbai Indians,Kolkata Knight Riders,Mumbai Indians,bat,Wankhede Stadium,Kolkata Knight Riders,190,192
Kolkata Knight Riders,Mumbai Indians,Kolkata Knight Riders,field,Rajiv Gandhi International Stadium,Kolkata Knight Riders,194,193
Royal Challengers Bangalore,Kolkata Knight Riders,Kolkata Knight Riders,field,MA Chidambaram Stadium (Chepauk),Kolkata Knight Riders,150,181
Sunrisers Hyderabad,Royal Challengers Bangalore,Royal Challengers Bangalore,bat,Rajiv Gandhi International Stadium,Royal Challengers Bangalore,105,177
Sunrisers Hyderabad,Mumbai Indians,Sunrisers Hyderabad,bat,Eden Gardens,Mumbai Indians,159,168
Chennai Super Kings,Delhi Capitals,Chennai Super Kings,field,Arun Jaitley Stadium,Delhi Capitals,165,174
Royal Challengers Bangalore,Chennai Super Kings,Chennai Super Kings,field,Wankhede Stadium,Royal Challengers Bangalore,195,191
Punjab Kings,Chennai Super Kings,Chennai Super Kings,field,Eden Gardens,Punjab Kings,186,153
Delhi Capitals,Royal Challengers Bangalore,Royal Challengers Bangalore,field,Eden Gardens,Delhi Capitals,153,150
Rajasthan Royals,Kolkata Knight Riders,Kolkata Knight Riders,bat,Arun Jaitley Stadium,Rajasthan Royals,178,166
Mumbai Indians,Chennai Super Kings,Chennai Super Kings,field,Eden Gardens,Mumbai Indians,176,174
Kolkata Knight Riders,Royal Challengers Bangalore,Kolkata Knight Riders,bat,Sawai Mansingh Stadium,Royal Challengers Bangalore,162,180
Chennai Super Kings,Delhi Capitals,Delhi Capitals,field,Sawai Mansingh Stadium,Delhi Capitals,149,152
Rajasthan Royals,Chennai Super Kings,Chennai Super Kings,field,Wankhede Stadium,Rajasthan Royals,172,154
Kolkata Knight Riders,Delhi Capitals,Kolkata Knight Riders,bat,Arun Jaitley Stadium,Kolkata Knight Riders,166,164
Sunrisers Hyderabad,Royal Challengers Bangalore,Sunrisers Hyderabad,field,MA Chidambaram Stadium (Chepauk),Sunrisers Hyderabad,148,146
Chennai Super Kings,Royal Challengers Bangalore,Royal Challengers Bangalore,field,M Chinnaswamy Stadium,Royal Challengers Bangalore,155,172
Punjab Kings,Rajasthan Royals,Punjab Kings,bat,MA Chidambaram Stadium (Chepauk),Rajasthan Royals,140,143
Chennai Super Kings,Punjab Kings,Punjab Kings,field,Arun Jaitley Stadium,Chennai Super Kings,170,165
Delhi Capitals,Punjab Kings,Punjab Kings,field,MA Chidambaram Stadium (Chepauk),Delhi Capitals,186,150
Mumbai Indians,Royal Challengers Bangalore,Royal Challengers Bangalore,bat,Rajiv Gandhi International Stadium,Royal Challengers Bangalore,168,172
Royal Challengers Bangalore,Punjab Kings,Punjab Kings,field,M Chinnaswamy Stadium,Punjab Kings,142,176
Delhi Capitals,Punjab Kings,Punjab Kings,bat,Rajiv Gandhi International Stadium,Punjab Kings,160,206
Rajasthan Royals,Mumbai Indians,Rajasthan Royals,field,Wankhede Stadium,Mumbai Indians,176,189
Kolkata Knight Riders,Punjab Kings,Kolkata Knight Riders,bat,Narendra Modi Stadium,Punjab Kings,159,163
Chennai Super Kings,Delhi Capitals,Chennai Super Kings,field,Eden Gardens,Chennai Super Kings,186,174
Rajasthan Royals,Royal Challengers Bangalore,Royal Challengers Bangalore,bat,Rajiv Gandhi International Stadium,Rajasthan Royals,175,142
Chennai Super Kings,Sunrisers Hyderabad,Chennai Super Kings,bat,Sawai Mansingh Stadium,Chennai Super Kings,192,129
Mumbai Indians,Rajasthan Royals,Mumbai Indians,bat,Rajiv Gandhi International Stadium,Mumbai Indians,212,203
Mumbai Indians,Kolkata Knight Riders,Mumbai Indians,bat,Eden Gardens,Mumbai Indians,158,149
Kolkata Knight Riders,Royal Challengers Bangalore,Kolkata Knight Riders,bat,Rajiv Gandhi International Stadium,Kolkata Knight Riders,162,150
Delhi Capitals,Sunrisers Hyderabad,Sunrisers Hyderabad,field,Wankhede Stadium,Delhi Capitals,186,179
Delhi Capitals,Kolkata Knight Riders,Kolkata Knight Riders,field,Sawai Mansingh Stadium,Kolkata Knight Riders,137,169
Punjab Kings,Delhi Capitals,Delhi Capitals,field,M Chinnaswamy Stadium,Delhi Capitals,158,209
Chennai Super Kings,Royal Challengers Bangalore,Chennai Super Kings,bat,Sawai Mansingh Stadium,Royal Challengers Bangalore,148,154
Delhi Capitals,Kolkata Knight Riders,Delhi Capitals,field,Narendra Modi Stadium,Delhi Capitals,175,135
Royal Challengers Bangalore,Delhi Capitals,Royal Challengers Bangalore,bat,Wankhede Stadium,Delhi Capitals,185,205
Mumbai Indians,Punjab Kings,Punjab Kings,field,Eden Gardens,Mumbai Indians,161,160
Chennai Super Kings,Mumbai Indians,Mumbai Indians,bat,Narendra Modi Stadium,Chennai Super Kings,188,178
Kolkata Knight Riders,Delhi Capitals,Kolkata Knight Riders,field,Rajiv Gandhi International Stadium,Delhi Capitals,135,136
Mumbai Indians,Punjab Kings,Mumbai Indians,bat,Rajiv Gandhi International Stadium,Punjab Kings,173,181
Chennai Super Kings,Rajasthan Royals,Rajasthan Royals,field,Eden Gardens,Chennai Super Kings,169,166
Sunrisers Hyderabad,Delhi Capitals,Delhi Capitals,bat,Arun Jaitley Stadium,Delhi Capitals,144,163
Punjab Kings,Sunrisers Hyderabad,Sunrisers Hyderabad,bat,Narendra Modi Stadium,Punjab Kings,162,143
Rajasthan Royals,Punjab Kings,Punjab Kings,field,Eden Gardens,Punjab Kings,197,205
Kolkata Knight Riders,Royal Challengers Bangalore,Kolkata Knight Riders,field,Narendra Modi Stadium,Kolkata Knight Riders,180,174
Mumbai Indians,Sunrisers Hyderabad,Mumbai Indians,bat,M Chinnaswamy Stadium,Sunrisers Hyderabad,163,193
Mumbai Indians,Kolkata Knight Riders,Mumbai Indians,field,Rajiv Gandhi International Stadium,Mumbai Indians,186,143
Punjab Kings,Kolkata Knight Riders,Kolkata Knight Riders,bat,MA Chidambaram Stadium (Chepauk),Punjab Kings,166,158
Chennai Super Kings,Royal Challengers Bangalore,Royal Challengers Bangalore,bat,Sawai Mansingh Stadium,Royal Challengers Bangalore,180,198
Punjab Kings,Rajasthan Royals,Punjab Kings,field,Eden Gardens,Punjab Kings,152,144
Punjab Kings,Royal Challengers Bangalore,Royal Challengers Bangalore,bat,Rajiv Gandhi International Stadium,Royal Challengers Bangalore,139,144
Chennai Super Kings,Kolkata Knight Riders,Chennai Super Kings,field,MA Chidambaram Stadium (Chepauk),Kolkata Knight Riders,152,157
Royal Challengers Bangalore,Chennai Super Kings,Royal Challengers Bangalore,field,Sawai Mansingh Stadium,Royal Challengers Bangalore,187,180
Rajasthan Royals,Punjab Kings,Rajasthan Royals,field,Rajiv Gandhi International Stadium,Rajasthan Royals,195,186
Chennai Super Kings,Royal Challengers Bangalore,Royal Challengers Bangalore,bat,Eden Gardens,Royal Challengers Bangalore,158,215
Chennai Super Kings,Mumbai Indians,Mumbai Indians,bat,Eden Gardens,Chennai Super Kings,176,145
Sunrisers Hyderabad,Delhi Capitals,Delhi Capitals,field,Wankhede Stadium,Delhi Capitals,156,188
Delhi Capitals,Mumbai Indians,Mumbai Indians,field,Wankhede Stadium,Mumbai Indians,174,197
Chennai Super Kings,Royal Challengers Bangalore,Chennai Super Kings,bat,Rajiv Gandhi International Stadium,Chennai Super Kings,173,159
Kolkata Knight Riders,Chennai Super Kings,Chennai Super Kings,bat,Sawai Mansingh Stadium,Kolkata Knight Riders,143,133
Chennai Super Kings,Royal Challengers Bangalore,Royal Challengers Bangalore,field,Rajiv Gandhi International Stadium,Royal Challengers Bangalore,155,178
Chennai Super Kings,Punjab Kings,Punjab Kings,field,Rajiv Gandhi International Stadium,Punjab Kings,168,176
Royal Challengers Bangalore,Kolkata Knight Riders,Kolkata Knight Riders,bat,M Chinnaswamy Stadium,Royal Challengers Bangalore,197,188
Sunrisers Hyderabad,Kolkata Knight Riders,Kolkata Knight Riders,field,Rajiv Gandhi International Stadium,Sunrisers Hyderabad,167,163
Mumbai Indians,Royal Challengers Bangalore,Mumbai Indians,field,Narendra Modi Stadium,Royal Challengers Bangalore,164,171
Delhi Capitals,Chennai Super Kings,Chennai Super Kings,field,Narendra Modi Stadium,Delhi Capitals,180,175
Delhi Capitals,Royal Challengers Bangalore,Royal Challengers Bangalore,field,Sawai Mansingh Stadium,Delhi Capitals,186,182
Punjab Kings,Kolkata Knight Riders,Kolkata Knight Riders,bat,Eden Gardens,Kolkata Knight Riders,129,141
Chennai Super Kings,Sunrisers Hyderabad,Chennai Super Kings,bat,Sawai Mansingh Stadium,Chennai Super Kings,174,168
Delhi Capitals,Kolkata Knight Riders,Delhi Capitals,bat,Arun Jaitley Stadium,Delhi Capitals,245,237
Rajasthan Royals,Royal Challengers Bangalore,Rajasthan Royals,bat,Sawai Mansingh Stadium,Rajasthan Royals,192,183
Royal Challengers Bangalore,Mumbai Indians,Mumbai Indians,field,Eden Gardens,Mumbai Indians,180,189
Rajasthan Royals,Chennai Super Kings,Rajasthan Royals,field,Eden Gardens,Rajasthan Royals,188,179
Royal Challengers Bangalore,Sunrisers Hyderabad,Sunrisers Hyderabad,field,MA Chidambaram Stadium (Chepauk),Sunrisers Hyderabad,135,143
Royal Challengers Bangalore,Delhi Capitals,Royal Challengers Bangalore,field,Narendra Modi Stadium,Royal Challengers Bangalore,168,160
Sunrisers Hyderabad,Royal Challengers Bangalore,Royal Challengers Bangalore,field,M Chinnaswamy Stadium,Royal Challengers Bangalore,224,226
Mumbai Indians,Kolkata Knight Riders,Mumbai Indians,bat,Narendra Modi Stadium,Mumbai Indians,176,128
Royal Challengers Bangalore,Punjab Kings,Royal Challengers Bangalore,field,Sawai Mansingh Stadium,Royal Challengers Bangalore,185,178
Kolkata Knight Riders,Punjab Kings,Kolkata Knight Riders,field,Rajiv Gandhi International Stadium,Punjab Kings,161,168
Rajasthan Royals,Sunrisers Hyderabad,Sunrisers Hyderabad,bat,MA Chidambaram Stadium (Chepauk),Sunrisers Hyderabad,135,161
Kolkata Knight Riders,Delhi Capitals,Kolkata Knight Riders,field,Eden Gardens,Kolkata Knight Riders,172,163
Mumbai Indians,Sunrisers Hyderabad,Mumbai Indians,bat,MA Chidambaram Stadium (Chepauk),Mumbai Indians,153,134
Chennai Super Kings,Mumbai Indians,Mumbai Indians,bat,Sawai Mansingh Stadium,Chennai Super Kings,206,175
Kolkata Knight Riders,Royal Challengers Bangalore,Kolkata Knight Riders,field,Eden Gardens,Kolkata Knight Riders,169,164
Royal Challengers Bangalore,Chennai Super Kings,Royal Challengers Bangalore,field,MA Chidambaram Stadium (Chepauk),Chennai Super Kings,137,171
Rajasthan Royals,Kolkata Knight Riders,Rajasthan Royals,field,Wankhede Stadium,Rajasthan Royals,183,178
Sunrisers Hyderabad,Kolkata Knight Riders,Kolkata Knight Riders,bat,Wankhede Stadium,Kolkata Knight Riders,188,197
Rajasthan Royals,Chennai Super Kings,Rajasthan Royals,bat,Wankhede Stadium,Chennai Super Kings,155,177
Chennai Super Kings,Punjab Kings,Punjab Kings,bat,Sawai Mansingh Stadium,Chennai Super Kings,154,143
Sunrisers Hyderabad,Royal Challengers Bangalore,Royal Challengers Bangalore,field,M Chinnaswamy Stadium,Royal Challengers Bangalore,213,215
Sunrisers Hyderabad,Royal Challengers Bangalore,Sunrisers Hyderabad,bat,Rajiv Gandhi International Stadium,Royal Challengers Bangalore,132,179
Delhi Capitals,Kolkata Knight Riders,Delhi Capitals,bat,Narendra Modi Stadium,Kolkata Knight Riders,201,210
Chennai Super Kings,Kolkata Knight Riders,Chennai Super Kings,field,Wankhede Stadium,Kolkata Knight Riders,153,170
Punjab Kings,Sunrisers Hyderabad,Sunrisers Hyderabad,field,MA Chidambaram Stadium (Chepauk),Punjab Kings,172,133
Kolkata Knight Riders,Rajasthan Royals,Rajasthan Royals,field,Arun Jaitley Stadium,Kolkata Knight Riders,176,175
Kolkata Knight Riders,Royal Challengers Bangalore,Royal Challengers Bangalore,field,M Chinnaswamy Stadium,Royal Challengers Bangalore,161,179
Mumbai Indians,Chennai Super Kings,Chennai Super Kings,field,Eden Gardens,Mumbai Indians,150,143
Mumbai Indians,Sunrisers Hyderabad,Mumbai Indians,field,Wankhede Stadium,Sunrisers Hyderabad,177,185
Rajasthan Royals,Sunrisers Hyderabad,Rajasthan Royals,field,Sawai Mansingh Stadium,Rajasthan Royals,192,129
Sunrisers Hyderabad,Rajasthan Royals,Sunrisers Hyderabad,bat,M Chinnaswamy Stadium,Rajasthan Royals,169,182
Royal Challengers Bangalore,Punjab Kings,Royal Challengers Bangalore,bat,Wankhede Stadium,Royal Challengers Bangalore,209,148
Rajasthan Royals,Punjab Kings,Rajasthan Royals,field,MA Chidambaram Stadium (Chepauk),Rajasthan Royals,173,147
Sunrisers Hyderabad,Punjab Kings,Sunrisers Hyderabad,field,M Chinnaswamy Stadium,Sunrisers Hyderabad,195,186
Punjab Kings,Kolkata Knight Riders,Kolkata Knight Riders,bat,Arun Jaitley Stadium,Punjab Kings,160,148
Punjab Kings,Mumbai Indians,Punjab Kings,bat,Rajiv Gandhi International Stadium,Mumbai Indians,158,165
Punjab Kings,Delhi Capitals,Punjab Kings,field,M Chinnaswamy Stadium,Punjab Kings,202,192
Delhi Capitals,Punjab Kings,Punjab Kings,field,Wankhede Stadium,Punjab Kings,210,218
Chennai Super Kings,Delhi Capitals,Chennai Super Kings,bat,M Chinnaswamy Stadium,Chennai Super Kings,226,139
Sunrisers Hyderabad,Punjab Kings,Sunrisers Hyderabad,bat,Sawai Mansingh Stadium,Punjab Kings,154,168
Delhi Capitals,Punjab Kings,Punjab Kings,bat,Rajiv Gandhi International Stadium,Punjab Kings,164,172
Chennai Super Kings,Rajasthan Royals,Chennai Super Kings,bat,Wankhede Stadium,Chennai Super Kings,179,170
Kolkata Knight Riders,Delhi Capitals,Kolkata Knight Riders,field,Wankhede Stadium,Delhi Capitals,168,195
Mumbai Indians,Kolkata Knight Riders,Kolkata Knight Riders,bat,M Chinnaswamy Stadium,Mumbai Indians,190,166
Chennai Super Kings,Royal Challengers Bangalore,Chennai Super Kings,field,Arun Jaitley Stadium,Chennai Super Kings,181,167
Royal Challengers Bangalore,Mumbai Indians,Royal Challengers Bangalore,bat,M Chinnaswamy Stadium,Mumbai Indians,197,201
Sunrisers Hyderabad,Rajasthan Royals,Sunrisers Hyderabad,bat,M Chinnaswamy Stadium,Sunrisers Hyderabad,169,168
Sunrisers Hyderabad,Royal Challengers Bangalore,Sunrisers Hyderabad,bat,M Chinnaswamy Stadium,Royal Challengers Bangalore,192,193
Rajasthan Royals,Delhi Capitals,Delhi Capitals,field,Rajiv Gandhi International Stadium,Rajasthan Royals,168,161
Sunrisers Hyderabad,Chennai Super Kings,Sunrisers Hyderabad,field,Eden Gardens,Sunrisers Hyderabad,183,152
Rajasthan Royals,Chennai Super Kings,Rajasthan Royals,field,Rajiv Gandhi International Stadium,Chennai Super Kings,170,171
Sunrisers Hyderabad,Punjab Kings,Punjab Kings,field,Sawai Mansingh Stadium,Punjab Kings,153,178
Kolkata Knight Riders,Delhi Capitals,Delhi Capitals,bat,Eden Gardens,Delhi Capitals,176,179
Mumbai Indians,Delhi Capitals,Mumbai Indians,field,MA Chidambaram Stadium (Chepauk),Mumbai Indians,179,149
Royal Challengers Bangalore,Chennai Super Kings,Royal Challengers Bangalore,field,Sawai Mansingh Stadium,Royal Challengers Bangalore,174,157
Delhi Capitals,Rajasthan Royals,Rajasthan Royals,field,Sawai Mansingh Stadium,Rajasthan Royals,165,173
Rajasthan Royals,Delhi Capitals,Delhi Capitals,field,Arun Jaitley Stadium,Rajasthan Royals,174,170
Punjab Kings,Sunrisers Hyderabad,Punjab Kings,field,Arun Jaitley Stadium,Punjab Kings,201,199
Sunrisers Hyderabad,Royal Challengers Bangalore,Royal Challengers Bangalore,bat,Sawai Mansingh Stadium,Royal Challengers Bangalore,137,139
Kolkata Knight Riders,Sunrisers Hyderabad,Sunrisers Hyderabad,bat,MA Chidambaram Stadium (Chepauk),Kolkata Knight Riders,173,163
Kolkata Knight Riders,Delhi Capitals,Delhi Capitals,field,Wankhede Stadium,Delhi Capitals,192,199
Mumbai Indians,Sunrisers Hyderabad,Sunrisers Hyderabad,field,MA Chidambaram Stadium (Chepauk),Mumbai Indians,152,130
Mumbai Indians,Sunrisers Hyderabad,Mumbai Indians,field,M Chinnaswamy Stadium,Sunrisers Hyderabad,184,193
Punjab Kings,Rajasthan Royals,Rajasthan Royals,bat,M Chinnaswamy Stadium,Rajasthan Royals,196,206
Punjab Kings,Royal Challengers Bangalore,Royal Challengers Bangalore,field,MA Chidambaram Stadium (Chepauk),Royal Challengers Bangalore,130,144
Kolkata Knight Riders,Punjab Kings,Kolkata Knight Riders,bat,Arun Jaitley Stadium,Punjab Kings,168,174
Chennai Super Kings,Kolkata Knight Riders,Chennai Super Kings,field,Sawai Mansingh Stadium,Kolkata Knight Riders,147,165
Sunrisers Hyderabad,Chennai Super Kings,Chennai Super Kings,field,Eden Gardens,Sunrisers Hyderabad,162,153
Delhi Capitals,Mumbai Indians,Mumbai Indians,field,M Chinnaswamy Stadium,Mumbai Indians,169,187
Kolkata Knight Riders,Rajasthan Royals,Rajasthan Royals,field,Eden Gardens,Rajasthan Royals,131,141
Chennai Super Kings,Royal Challengers Bangalore,Royal Challengers Bangalore,field,M Chinnaswamy Stadium,Royal Challengers Bangalore,169,176
Mumbai Indians,Delhi Capitals,Mumbai Indians,field,MA Chidambaram Stadium (Chepauk),Delhi Capitals,159,178
Delhi Capitals,Chennai Super Kings,Delhi Capitals,field,M Chinnaswamy Stadium,Delhi Capitals,196,180
Mumbai Indians,Delhi Capitals,Mumbai Indians,bat,Wankhede Stadium,Mumbai Indians,182,158
Mumbai Indians,Kolkata Knight Riders,Kolkata Knight Riders,field,Eden Gardens,Kolkata Knight Riders,162,171
Rajasthan Royals,Kolkata Knight Riders,Rajasthan Royals,field,MA Chidambaram Stadium (Chepauk),Rajasthan Royals,156,133
Mumbai Indians,Kolkata Knight Riders,Mumbai Indians,field,Narendra Modi Stadium,Kolkata Knight Riders,173,191
Mumbai Indians,Sunrisers Hyderabad,Sunrisers Hyderabad,field,Sawai Mansingh Stadium,Sunrisers Hyderabad,160,166
Punjab Kings,Rajasthan Royals,Punjab Kings,bat,Sawai Mansingh Stadium,Punjab Kings,170,151
Mumbai Indians,Punjab Kings,Mumbai Indians,bat,Eden Gardens,Mumbai Indians,167,157
Sunrisers Hyderabad,Kolkata Knight Riders,Kolkata Knight Riders,field,Rajiv Gandhi International Stadium,Sunrisers Hyderabad,159,144
Rajasthan Royals,Royal Challengers Bangalore,Royal Challengers Bangalore,field,M Chinnaswamy Stadium,Rajasthan Royals,192,190
Mumbai Indians,Kolkata Knight Riders,Kolkata Knight Riders,field,Wankhede Stadium,Mumbai Indians,212,199
Chennai Super Kings,Rajasthan Royals,Rajasthan Royals,field,Arun Jaitley Stadium,Rajasthan Royals,207,214
Chennai Super Kings,Royal Challengers Bangalore,Chennai Super Kings,field,Sawai Mansingh Stadium,Chennai Super Kings,181,164
Sunrisers Hyderabad,Mumbai Indians,Sunrisers Hyderabad,field,Wankhede Stadium,Sunrisers Hyderabad,221,166
Rajasthan Royals,Sunrisers Hyderabad,Sunrisers Hyderabad,bat,Eden Gardens,Sunrisers Hyderabad,143,146
Chennai Super Kings,Rajasthan Royals,Chennai Super Kings,field,Sawai Mansingh Stadium,Rajasthan Royals,121,149
Delhi Capitals,Royal Challengers Bangalore,Delhi Capitals,field,MA Chidambaram Stadium (Chepauk),Royal Challengers Bangalore,133,154
Mumbai Indians,Sunrisers Hyderabad,Mumbai Indians,field,MA Chidambaram Stadium (Chepauk),Mumbai Indians,193,185
Delhi Capitals,Mumbai Indians,Delhi Capitals,field,Arun Jaitley Stadium,Mumbai Indians,178,188
Mumbai Indians,Chennai Super Kings,Mumbai Indians,bat,M Chinnaswamy Stadium,Chennai Super Kings,165,193
Rajasthan Royals,Kolkata Knight Riders,Rajasthan Royals,field,Rajiv Gandhi International Stadium,Rajasthan Royals,206,197
Mumbai Indians,Royal Challengers Bangalore,Mumbai Indians,bat,Rajiv Gandhi International Stadium,Royal Challengers Bangalore,186,195
Rajasthan Royals,Chennai Super Kings,Rajasthan Royals,field,Eden Gardens,Rajasthan Royals,196,191
Kolkata Knight Riders,Punjab Kings,Punjab Kings,field,M Chinnaswamy Stadium,Kolkata Knight Riders,209,201
Punjab Kings,Mumbai Indians,Punjab Kings,bat,M Chinnaswamy Stadium,Mumbai Indians,145,171
Delhi Capitals,Chennai Super Kings,Chennai Super Kings,field,Rajiv Gandhi International Stadium,Delhi Capitals,166,164
Delhi Capitals,Rajasthan Royals,Rajasthan Royals,bat,Rajiv Gandhi International Stadium,Delhi Capitals,174,172
Punjab Kings,Chennai Super Kings,Punjab Kings,bat,Arun Jaitley Stadium,Chennai Super Kings,135,161
Delhi Capitals,Chennai Super Kings,Chennai Super Kings,field,Rajiv Gandhi International Stadium,Chennai Super Kings,161,174
Mumbai Indians,Kolkata Knight Riders,Kolkata Knight Riders,field,Sawai Mansingh Stadium,Kolkata Knight Riders,177,179
Mumbai Indians,Rajasthan Royals,Rajasthan Royals,field,Eden Gardens,Rajasthan Royals,132,185
Royal Challengers Bangalore,Mumbai Indians,Royal Challengers Bangalore,field,Wankhede Stadium,Mumbai Indians,187,189
Royal Challengers Bangalore,Punjab Kings,Royal Challengers Bangalore,field,Narendra Modi Stadium,Royal Challengers Bangalore,192,159
Delhi Capitals,Punjab Kings,Delhi Capitals,field,Arun Jaitley Stadium,Delhi Capitals,182,158
Rajasthan Royals,Punjab Kings,Punjab Kings,field,Sawai Mansingh Stadium,Rajasthan Royals,201,192
Sunrisers Hyderabad,Kolkata Knight Riders,Sunrisers Hyderabad,bat,MA Chidambaram Stadium (Chepauk),Sunrisers Hyderabad,171,169
Punjab Kings,Kolkata Knight Riders,Punjab Kings,bat,MA Chidambaram Stadium (Chepauk),Kolkata Knight Riders,159,177
Delhi Capitals,Rajasthan Royals,Rajasthan Royals,bat,Narendra Modi Stadium,Delhi Capitals,179,173
Mumbai Indians,Rajasthan Royals,Mumbai Indians,bat,M Chinnaswamy Stadium,Rajasthan Royals,204,213
Royal Challengers Bangalore,Sunrisers Hyderabad,Sunrisers Hyderabad,field,Arun Jaitley Stadium,Sunrisers Hyderabad,137,147
Chennai Super Kings,Punjab Kings,Chennai Super Kings,field,Arun Jaitley Stadium,Punjab Kings,158,171
Rajasthan Royals,Royal Challengers Bangalore,Rajasthan Royals,field,M Chinnaswamy Stadium,Rajasthan Royals,210,182
Delhi Capitals,Royal Challengers Bangalore,Delhi Capitals,bat,Rajiv Gandhi International Stadium,Delhi Capitals,191,133
Punjab Kings,Delhi Capitals,Delhi Capitals,bat,Arun Jaitley Stadium,Delhi Capitals,122,157
Mumbai Indians,Delhi Capitals,Delhi Capitals,field,Rajiv Gandhi International Stadium,Mumbai Indians,170,158
Kolkata Knight Riders,Royal Challengers Bangalore,Kolkata Knight Riders,bat,Narendra Modi Stadium,Kolkata Knight Riders,164,159
Mumbai Indians,Rajasthan Royals,Rajasthan Royals,bat,MA Chidambaram Stadium (Chepauk),Rajasthan Royals,126,163
Punjab Kings,Mumbai Indians,Punjab Kings,bat,M Chinnaswamy Stadium,Mumbai Indians,184,187
Sunrisers Hyderabad,Chennai Super Kings,Sunrisers Hyderabad,bat,Rajiv Gandhi International Stadium,Chennai Super Kings,147,157
Rajasthan Royals,Punjab Kings,Rajasthan Royals,field,Narendra Modi Stadium,Punjab Kings,158,176
Sunrisers Hyderabad,Punjab Kings,Sunrisers Hyderabad,bat,Eden Gardens,Punjab Kings,138,167
Sunrisers Hyderabad,Punjab Kings,Punjab Kings,field,Sawai Mansingh Stadium,Sunrisers Hyderabad,147,141
Royal Challengers Bangalore,Punjab Kings,Punjab Kings,field,Eden Gardens,Royal Challengers Bangalore,158,136
Sunrisers Hyderabad,Punjab Kings,Punjab Kings,field,Arun Jaitley Stadium,Punjab Kings,146,148
Rajasthan Royals,Chennai Super Kings,Rajasthan Royals,bat,M Chinnaswamy Stadium,Rajasthan Royals,219,184
Punjab Kings,Chennai Super Kings,Chennai Super Kings,bat,Eden Gardens,Chennai Super Kings,143,168
Punjab Kings,Chennai Super Kings,Chennai Super Kings,field,Rajiv Gandhi International Stadium,Chennai Super Kings,154,159
Delhi Capitals,Mumbai Indians,Delhi Capitals,field,MA Chidambaram Stadium (Chepauk),Mumbai Indians,161,168
Delhi Capitals,Punjab Kings,Delhi Capitals,field,M Chinnaswamy Stadium,Punjab Kings,168,171
Sunrisers Hyderabad,Kolkata Knight Riders,Kolkata Knight Riders,field,MA Chidambaram Stadium (Chepauk),Sunrisers Hyderabad,142,104
Royal Challengers Bangalore,Rajasthan Royals,Royal Challengers Bangalore,field,Rajiv Gandhi International Stadium,Royal Challengers Bangalore,188,187
Kolkata Knight Riders,Sunrisers Hyderabad,Kolkata Knight Riders,bat,Narendra Modi Stadium,Kolkata Knight Riders,193,153
Chennai Super Kings,Delhi Capitals,Delhi Capitals,field,Eden Gardens,Chennai Super Kings,175,165
Delhi Capitals,Mumbai Indians,Delhi Capitals,bat,Rajiv Gandhi International Stadium,Mumbai Indians,220,226
Mumbai Indians,Rajasthan Royals,Mumbai Indians,field,MA Chidambaram Stadium (Chepauk),Rajasthan Royals,150,156
Rajasthan Royals,Delhi Capitals,Rajasthan Royals,field,MA Chidambaram Stadium (Chepauk),Rajasthan Royals,155,153
Delhi Capitals,Mumbai Indians,Delhi Capitals,field,MA Chidambaram Stadium (Chepauk),Mumbai Indians,133,141
Sunrisers Hyderabad,Delhi Capitals,Delhi Capitals,field,M Chinnaswamy Stadium,Delhi Capitals,165,173
Chennai Super Kings,Royal Challengers Bangalore,Chennai Super Kings,field,Eden Gardens,Chennai Super Kings,197,178
Rajasthan Royals,Sunrisers Hyderabad,Sunrisers Hyderabad,field,Rajiv Gandhi International Stadium,Rajasthan Royals,191,187
Rajasthan Royals,Royal Challengers Bangalore,Royal Challengers Bangalore,field,MA Chidambaram Stadium (Chepauk),Rajasthan Royals,151,133
Delhi Capitals,Kolkata Knight Riders,Kolkata Knight Riders,bat,Rajiv Gandhi International Stadium,Delhi Capitals,189,171
Royal Challengers Bangalore,Kolkata Knight Riders,Royal Challengers Bangalore,bat,Narendra Modi Stadium,Royal Challengers Bangalore,158,156
Punjab Kings,Chennai Super Kings,Chennai Super Kings,bat,Rajiv Gandhi International Stadium,Chennai Super Kings,139,145
Mumbai Indians,Chennai Super Kings,Chennai Super Kings,field,Arun Jaitley Stadium,Chennai Super Kings,181,202
Punjab Kings,Mumbai Indians,Punjab Kings,field,Narendra Modi Stadium,Mumbai Indians,129,174
Delhi Capitals,Rajasthan Royals,Delhi Capitals,bat,Rajiv Gandhi International Stadium,Rajasthan Royals,145,150
Mumbai Indians,Delhi Capitals,Mumbai Indians,bat,Rajiv Gandhi International Stadium,Delhi Capitals,151,152
Royal Challengers Bangalore,Punjab Kings,Royal Challengers Bangalore,field,Narendra Modi Stadium,Punjab Kings,161,167
Delhi Capitals,Kolkata Knight Riders,Kolkata Knight Riders,bat,MA Chidambaram Stadium (Chepauk),Kolkata Knight Riders,154,160
Sunrisers Hyderabad,Punjab Kings,Punjab Kings,field,Wankhede Stadium,Sunrisers Hyderabad,173,158
Rajasthan Royals,Mumbai Indians,Rajasthan Royals,field,Wankhede Stadium,Mumbai Indians,168,198
Mumbai Indians,Royal Challengers Bangalore,Royal Challengers Bangalore,field,Sawai Mansingh Stadium,Royal Challengers Bangalore,173,181
Kolkata Knight Riders,Chennai Super Kings,Chennai Super Kings,field,M Chinnaswamy Stadium,Chennai Super Kings,182,199
Sunrisers Hyderabad,Chennai Super Kings,Chennai Super Kings,bat,Arun Jaitley Stadium,Chennai Super Kings,124,174
Rajasthan Royals,Royal Challengers Bangalore,Royal Challengers Bangalore,bat,M Chinnaswamy Stadium,Royal Challengers Bangalore,166,192
Delhi Capitals,Rajasthan Royals,Delhi Capitals,field,Eden Gardens,Delhi Capitals,143,123
Sunrisers Hyderabad,Chennai Super Kings,Chennai Super Kings,field,Arun Jaitley Stadium,Chennai Super Kings,125,164
Royal Challengers Bangalore,Rajasthan Royals,Royal Challengers Bangalore,field,Wankhede Stadium,Rajasthan Royals,186,194
Punjab Kings,Sunrisers Hyderabad,Sunrisers Hyderabad,field,Rajiv Gandhi International Stadium,Sunrisers Hyderabad,169,171
Sunrisers Hyderabad,Kolkata Knight Riders,Sunrisers Hyderabad,bat,Arun Jaitley Stadium,Kolkata Knight Riders,156,166
Royal Challengers Bangalore,Punjab Kings,Royal Challengers Bangalore,bat,M Chinnaswamy Stadium,Royal Challengers Bangalore,179,177
Royal Challengers Bangalore,Sunrisers Hyderabad,Royal Challengers Bangalore,bat,M Chinnaswamy Stadium,Royal Challengers Bangalore,179,170
Rajasthan Royals,Punjab Kings,Rajasthan Royals,bat,Wankhede Stadium,Punjab Kings,200,203
Rajasthan Royals,Sunrisers Hyderabad,Sunrisers Hyderabad,field,Wankhede Stadium,Sunrisers Hyderabad,196,199
Royal Challengers Bangalore,Delhi Capitals,Delhi Capitals,field,Arun Jaitley Stadium,Delhi Capitals,171,187
Chennai Super Kings,Sunrisers Hyderabad,Sunrisers Hyderabad,bat,MA Chidambaram Stadium (Chepauk),Chennai Super Kings,136,132
Punjab Kings,Rajasthan Royals,Punjab Kings,bat,MA Chidambaram Stadium (Chepauk),Punjab Kings,158,145
Rajasthan Royals,Kolkata Knight Riders,Kolkata Knight Riders,bat,Eden Gardens,Rajasthan Royals,167,148
Mumbai Indians,Delhi Capitals,Mumbai Indians,field,MA Chidambaram Stadium (Chepauk),Mumbai Indians,154,145
Delhi Capitals,Rajasthan Royals,Delhi Capitals,bat,M Chinnaswamy Stadium,Rajasthan Royals,202,208
Punjab Kings,Mumbai Indians,Mumbai Indians,field,Arun Jaitley Stadium,Punjab Kings,163,154
Mumbai Indians,Royal Challengers Bangalore,Mumbai Indians,field,Narendra Modi Stadium,Mumbai Indians,153,152
Punjab Kings,Sunrisers Hyderabad,Punjab Kings,bat,Rajiv Gandhi International Stadium,Punjab Kings,164,149
Delhi Capitals,Rajasthan Royals,Delhi Capitals,field,Arun Jaitley Stadium,Rajasthan Royals,164,201
Sunrisers Hyderabad,Kolkata Knight Riders,Sunrisers Hyderabad,field,Sawai Mansingh Stadium,Sunrisers Hyderabad,175,153
Sunrisers Hyderabad,Mumbai Indians,Mumbai Indians,field,Eden Gardens,Sunrisers Hyderabad,182,154
Sunrisers Hyderabad,Royal Challengers Bangalore,Royal Challengers Bangalore,field,MA Chidambaram Stadium (Chepauk),Royal Challengers Bangalore,107,130
Delhi Capitals,Punjab Kings,Delhi Capitals,field,Rajiv Gandhi International Stadium,Delhi Capitals,153,149
Delhi Capitals,Rajasthan Royals,Delhi Capitals,field,Sawai Mansingh Stadium,Rajasthan Royals,159,193
Rajasthan Royals,Punjab Kings,Rajasthan Royals,field,Wankhede Stadium,Rajasthan Royals,186,172
Delhi Capitals,Rajasthan Royals,Rajasthan Royals,field,Arun Jaitley Stadium,Delhi Capitals,175,115
Chennai Super Kings,Sunrisers Hyderabad,Chennai Super Kings,field,MA Chidambaram Stadium (Chepauk),Chennai Super Kings,171,163
Royal Challengers Bangalore,Rajasthan Royals,Royal Challengers Bangalore,bat,M Chinnaswamy Stadium,Royal Challengers Bangalore,212,202
Rajasthan Royals,Sunrisers Hyderabad,Sunrisers Hyderabad,field,Arun Jaitley Stadium,Sunrisers Hyderabad,166,176
Rajasthan Royals,Kolkata Knight Riders,Rajasthan Royals,bat,MA Chidambaram Stadium (Chepauk),Kolkata Knight Riders,162,195
Rajasthan Royals,Punjab Kings,Punjab Kings,field,MA Chidambaram Stadium (Chepauk),Punjab Kings,153,163
Kolkata Knight Riders,Delhi Capitals,Delhi Capitals,field,MA Chidambaram Stadium (Chepauk),Delhi Capitals,141,151
Punjab Kings,Mumbai Indians,Punjab Kings,bat,Eden Gardens,Punjab Kings,173,145
Chennai Super Kings,Kolkata Knight Riders,Chennai Super Kings,field,Arun Jaitley Stadium,Chennai Super Kings,165,150
Sunrisers Hyderabad,Punjab Kings,Punjab Kings,field,MA Chidambaram Stadium (Chepauk),Punjab Kings,157,165
Punjab Kings,Royal Challengers Bangalore,Punjab Kings,field,M Chinnaswamy Stadium,Royal Challengers Bangalore,197,202
Sunrisers Hyderabad,Mumbai Indians,Sunrisers Hyderabad,field,Eden Gardens,Mumbai Indians,152,157
Rajasthan Royals,Delhi Capitals,Delhi Capitals,field,Eden Gardens,Delhi Capitals,151,166
Rajasthan Royals,Royal Challengers Bangalore,Royal Challengers Bangalore,field,Wankhede Stadium,Royal Challengers Bangalore,195,202
Delhi Capitals,Punjab Kings,Delhi Capitals,field,M Chinnaswamy Stadium,Punjab Kings,196,204
Delhi Capitals,Kolkata Knight Riders,Kolkata Knight Riders,field,Sawai Mansingh Stadium,Kolkata Knight Riders,167,197
Rajasthan Royals,Sunrisers Hyderabad,Rajasthan Royals,bat,Sawai Mansingh Stadium,Rajasthan Royals,144,133
Kolkata Knight Riders,Chennai Super Kings,Chennai Super Kings,field,Eden Gardens,Kolkata Knight Riders,201,193
Mumbai Indians,Delhi Capitals,Mumbai Indians,field,M Chinnaswamy Stadium,Delhi Capitals,196,203
Sunrisers Hyderabad,Kolkata Knight Riders,Kolkata Knight Riders,field,Eden Gardens,Sunrisers Hyderabad,163,137
Chennai Super Kings,Punjab Kings,Punjab Kings,field,Wankhede Stadium,Punjab Kings,232,233
Royal Challengers Bangalore,Kolkata Knight Riders,Kolkata Knight Riders,field,M Chinnaswamy Stadium,Kolkata Knight Riders,183,194
Sunrisers Hyderabad,Mumbai Indians,Mumbai Indians,field,Sawai Mansingh Stadium,Mumbai Indians,167,169
Delhi Capitals,Royal Challengers Bangalore,Royal Challengers Bangalore,field,Narendra Modi Stadium,Royal Challengers Bangalore,143,170
Royal Challengers Bangalore,Punjab Kings,Royal Challengers Bangalore,bat,Narendra Modi Stadium,Royal Challengers Bangalore,198,183
Sunrisers Hyderabad,Delhi Capitals,Delhi Capitals,field,Sawai Mansingh Stadium,Sunrisers Hyderabad,189,148
Rajasthan Royals,Sunrisers Hyderabad,Rajasthan Royals,bat,Eden Gardens,Sunrisers Hyderabad,140,155
Punjab Kings,Rajasthan Royals,Punjab Kings,bat,Arun Jaitley Stadium,Punjab Kings,184,181
Sunrisers Hyderabad,Royal Challengers Bangalore,Sunrisers Hyderabad,field,Eden Gardens,Sunrisers Hyderabad,196,191
Delhi Capitals,Royal Challengers Bangalore,Delhi Capitals,field,MA Chidambaram Stadium (Chepauk),Delhi Capitals,145,142
Mumbai Indians,Kolkata Knight Riders,Mumbai Indians,bat,Sawai Mansingh Stadium,Kolkata Knight Riders,142,147
Mumbai Indians,Delhi Capitals,Mumbai Indians,field,Sawai Mansingh Stadium,Delhi Capitals,179,187
Royal Challengers Bangalore,Kolkata Knight Riders,Royal Challengers Bangalore,field,Arun Jaitley Stadium,Royal Challengers Bangalore,135,134
Kolkata Knight Riders,Punjab Kings,Punjab Kings,field,Eden Gardens,Punjab Kings,153,190
Sunrisers Hyderabad,Rajasthan Royals,Sunrisers Hyderabad,field,Arun Jaitley Stadium,Sunrisers Hyderabad,152,129
Kolkata Knight Riders,Rajasthan Royals,Kolkata Knight Riders,bat,M Chinnaswamy Stadium,Kolkata Knight Riders,175,174
Kolkata Knight Riders,Delhi Capitals,Kolkata Knight Riders,field,Narendra Modi Stadium,Delhi Capitals,106,157
Sunrisers Hyderabad,Mumbai Indians,Sunrisers Hyderabad,field,Rajiv Gandhi International Stadium,Sunrisers Hyderabad,181,176
Chennai Super Kings,Kolkata Knight Riders,Kolkata Knight Riders,bat,Sawai Mansingh Stadium,Kolkata Knight Riders,200,201
Punjab Kings,Royal Challengers Bangalore,Royal Challengers Bangalore,field,Wankhede Stadium,Royal Challengers Bangalore,171,179
Chennai Super Kings,Royal Challengers Bangalore,Chennai Super Kings,field,Rajiv Gandhi International Stadium,Royal Challengers Bangalore,215,222
Delhi Capitals,Kolkata Knight Riders,Kolkata Knight Riders,bat,Narendra Modi Stadium,Delhi Capitals,168,159
Royal Challengers Bangalore,Delhi Capitals,Royal Challengers Bangalore,bat,Arun Jaitley Stadium,Royal Challengers Bangalore,164,156
Royal Challengers Bangalore,Delhi Capitals,Delhi Capitals,bat,Eden Gardens,Delhi Capitals,149,157
Punjab Kings,Rajasthan Royals,Rajasthan Royals,field,Rajiv Gandhi International Stadium,Punjab Kings,156,149
Rajasthan Royals,Mumbai Indians,Rajasthan Royals,bat,Wankhede Stadium,Mumbai Indians,165,185
Chennai Super Kings,Mumbai Indians,Chennai Super Kings,field,Eden Gardens,Chennai Super Kings,194,193
Kolkata Knight Riders,Delhi Capitals,Kolkata Knight Riders,field,MA Chidambaram Stadium (Chepauk),Kolkata Knight Riders,171,170
Royal Challengers Bangalore,Rajasthan Royals,Royal Challengers Bangalore,bat,Sawai Mansingh Stadium,Rajasthan Royals,185,195
Delhi Capitals,Mumbai Indians,Mumbai Indians,bat,Sawai Mansingh Stadium,Mumbai Indians,152,155
Punjab Kings,Royal Challengers Bangalore,Punjab Kings,bat,Sawai Mansingh Stadium,Royal Challengers Bangalore,128,145
Royal Challengers Bangalore,Delhi Capitals,Delhi Capitals,field,Rajiv Gandhi International Stadium,Royal Challengers Bangalore,201,194
Delhi Capitals,Sunrisers Hyderabad,Delhi Capitals,field,Rajiv Gandhi International Stadium,Delhi Capitals,192,183
Sunrisers Hyderabad,Mumbai Indians,Sunrisers Hyderabad,bat,Eden Gardens,Mumbai Indians,172,173
Punjab Kings,Kolkata Knight Riders,Punjab Kings,field,M Chinnaswamy Stadium,Punjab Kings,192,190
Sunrisers Hyderabad,Punjab Kings,Sunrisers Hyderabad,bat,Arun Jaitley Stadium,Sunrisers Hyderabad,176,171
Punjab Kings,Delhi Capitals,Delhi Capitals,field,MA Chidambaram Stadium (Chepauk),Delhi Capitals,142,151
Kolkata Knight Riders,Sunrisers Hyderabad,Sunrisers Hyderabad,field,Eden Gardens,Sunrisers Hyderabad,174,175
Kolkata Knight Riders,Mumbai Indians,Mumbai Indians,bat,Wankhede Stadium,Mumbai Indians,173,206
Kolkata Knight Riders,Sunrisers Hyderabad,Sunrisers Hyderabad,bat,Eden Gardens,Kolkata Knight Riders,179,170
Delhi Capitals,Royal Challengers Bangalore,Delhi Capitals,bat,Sawai Mansingh Stadium,Delhi Capitals,170,154
Sunrisers Hyderabad,Punjab Kings,Punjab Kings,field,Arun Jaitley Stadium,Sunrisers Hyderabad,164,131
Kolkata Knight Riders,Delhi Capitals,Kolkata Knight Riders,field,M Chinnaswamy Stadium,Delhi Capitals,198,205
Rajasthan Royals,Mumbai Indians,Rajasthan Royals,field,Eden Gardens,Mumbai Indians,149,183
Sunrisers Hyderabad,Rajasthan Royals,Sunrisers Hyderabad,bat,Arun Jaitley Stadium,Rajasthan Royals,143,151
Sunrisers Hyderabad,Mumbai Indians,Sunrisers Hyderabad,bat,Arun Jaitley Stadium,Mumbai Indians,126,175
Chennai Super Kings,Rajasthan Royals,Rajasthan Royals,field,MA Chidambaram Stadium (Chepauk),Rajasthan Royals,128,185
Chennai Super Kings,Punjab Kings,Chennai Super Kings,bat,MA Chidambaram Stadium (Chepauk),Chennai Super Kings,183,180
Chennai Super Kings,Mumbai Indians,Chennai Super Kings,bat,Narendra Modi Stadium,Mumbai Indians,168,178
Sunrisers Hyderabad,Delhi Capitals,Sunrisers Hyderabad,field,Narendra Modi Stadium,Sunrisers Hyderabad,167,166
Rajasthan Royals,Sunrisers Hyderabad,Rajasthan Royals,bat,Sawai Mansingh Stadium,Sunrisers Hyderabad,159,180
Royal Challengers Bangalore,Chennai Super Kings,Chennai Super Kings,field,Wankhede Stadium,Chennai Super Kings,183,187
Rajasthan Royals,Punjab Kings,Rajasthan Royals,field,Arun Jaitley Stadium,Rajasthan Royals,162,155
Sunrisers Hyderabad,Rajasthan Royals,Rajasthan Royals,field,Eden Gardens,Rajasthan Royals,164,166
Chennai Super Kings,Sunrisers Hyderabad,Chennai Super Kings,field,Rajiv Gandhi International Stadium,Chennai Super Kings,173,172
Royal Challengers Bangalore,Chennai Super Kings,Chennai Super Kings,bat,Narendra Modi Stadium,Royal Challengers Bangalore,164,160
Mumbai Indians,Rajasthan Royals,Mumbai Indians,bat,MA Chidambaram Stadium (Chepauk),Rajasthan Royals,153,156
Sunrisers Hyderabad,Royal Challengers Bangalore,Royal Challengers Bangalore,bat,MA Chidambaram Stadium (Chepauk),Sunrisers Hyderabad,137,135
Chennai Super Kings,Mumbai Indians,Chennai Super Kings,field,Arun Jaitley Stadium,Chennai Super Kings,167,143
Punjab Kings,Chennai Super Kings,Punjab Kings,field,Sawai Mansingh Stadium,Chennai Super Kings,165,172
Delhi Capitals,Kolkata Knight Riders,Kolkata Knight Riders,bat,M Chinnaswamy Stadium,Delhi Capitals,199,189
Delhi Capitals,Chennai Super Kings,Delhi Capitals,bat,Wankhede Stadium,Delhi Capitals,213,203
Punjab Kings,Sunrisers Hyderabad,Punjab Kings,field,Arun Jaitley Stadium,Sunrisers Hyderabad,190,198
Kolkata Knight Riders,Royal Challengers Bangalore,Kolkata Knight Riders,bat,Rajiv Gandhi International Stadium,Royal Challengers Bangalore,123,135
Mumbai Indians,Punjab Kings,Punjab Kings,bat,Sawai Mansingh Stadium,Mumbai Indians,160,157
Punjab Kings,Delhi Capitals,Delhi Capitals,field,M Chinnaswamy Stadium,Punjab Kings,187,164
Chennai Super Kings,Royal Challengers Bangalore,Chennai Super Kings,field,Narendra Modi Stadium,Chennai Super Kings,167,145
Royal Challengers Bangalore,Kolkata Knight Riders,Kolkata Knight Riders,field,Narendra Modi Stadium,Royal Challengers Bangalore,148,132
Mumbai Indians,Royal Challengers Bangalore,Royal Challengers Bangalore,bat,Wankhede Stadium,Royal Challengers Bangalore,164,165
Rajasthan Royals,Kolkata Knight Riders,Kolkata Knight Riders,bat,Rajiv Gandhi International Stadium,Kolkata Knight Riders,140,181
Kolkata Knight Riders,Rajasthan Royals,Rajasthan Royals,field,M Chinnaswamy Stadium,Kolkata Knight Riders,237,232
Sunrisers Hyderabad,Mumbai Indians,Sunrisers Hyderabad,field,Wankhede Stadium,Sunrisers Hyderabad,187,186
Mumbai Indians,Royal Challengers Bangalore,Royal Challengers Bangalore,bat,Sawai Mansingh Stadium,Mumbai Indians,185,175
Kolkata Knight Riders,Sunrisers Hyderabad,Kolkata Knight Riders,field,Wankhede Stadium,Kolkata Knight Riders,190,180
Punjab Kings,Sunrisers Hyderabad,Punjab Kings,field,Arun Jaitley Stadium,Sunrisers Hyderabad,208,218
Royal Challengers Bangalore,Sunrisers Hyderabad,Sunrisers Hyderabad,bat,Arun Jaitley Stadium,Royal Challengers Bangalore,183,143
Royal Challengers Bangalore,Kolkata Knight Riders,Royal Challengers Bangalore,bat,Arun Jaitley Stadium,Royal Challengers Bangalore,205,195
Kolkata Knight Riders,Royal Challengers Bangalore,Kolkata Knight Riders,bat,Rajiv Gandhi International Stadium,Kolkata Knight Riders,207,197
Kolkata Knight Riders,Rajasthan Royals,Rajasthan Royals,field,M Chinnaswamy Stadium,Rajasthan Royals,194,202
Kolkata Knight Riders,Sunrisers Hyderabad,Sunrisers Hyderabad,field,Sawai Mansingh Stadium,Sunrisers Hyderabad,173,177
Punjab Kings,Delhi Capitals,Punjab Kings,field,Narendra Modi Stadium,Punjab Kings,169,127
Royal Challengers Bangalore,Delhi Capitals,Delhi Capitals,field,Rajiv Gandhi International Stadium,Delhi Capitals,146,154
Sunrisers Hyderabad,Rajasthan Royals,Rajasthan Royals,bat,Rajiv Gandhi International Stadium,Rajasthan Royals,156,172
Punjab Kings,Rajasthan Royals,Rajasthan Royals,field,MA Chidambaram Stadium (Chepauk),Rajasthan Royals,150,159
Mumbai Indians,Chennai Super Kings,Chennai Super Kings,field,Eden Gardens,Chennai Super Kings,170,176
Chennai Super Kings,Rajasthan Royals,Rajasthan Royals,field,Rajiv Gandhi International Stadium,Rajasthan Royals,175,181
Mumbai Indians,Chennai Super Kings,Mumbai Indians,field,Wankhede Stadium,Mumbai Indians,199,193
Kolkata Knight Riders,Sunrisers Hyderabad,Kolkata Knight Riders,bat,Arun Jaitley Stadium,Sunrisers Hyderabad,158,167
Royal Challengers Bangalore,Sunrisers Hyderabad,Royal Challengers Bangalore,field,MA Chidambaram Stadium (Chepauk),Sunrisers Hyderabad,159,161
Mumbai Indians,Punjab Kings,Mumbai Indians,field,M Chinnaswamy Stadium,Punjab Kings,188,197
Sunrisers Hyderabad,Royal Challengers Bangalore,Sunrisers Hyderabad,bat,Narendra Modi Stadium,Sunrisers Hyderabad,184,182
Rajasthan Royals,Chennai Super Kings,Rajasthan Royals,field,Wankhede Stadium,Rajasthan Royals,200,197
Kolkata Knight Riders,Rajasthan Royals,Rajasthan Royals,field,M Chinnaswamy Stadium,Kolkata Knight Riders,188,180
Kolkata Knight Riders,Punjab Kings,Punjab Kings,field,Rajiv Gandhi International Stadium,Punjab Kings,179,186
Chennai Super Kings,Delhi Capitals,Chennai Super Kings,field,Eden Gardens,Chennai Super Kings,165,149
Kolkata Knight Riders,Mumbai Indians,Mumbai Indians,bat,Sawai Mansingh Stadium,Kolkata Knight Riders,158,156
Royal Challengers Bangalore,Sunrisers Hyderabad,Royal Challengers Bangalore,field,Arun Jaitley Stadium,Sunrisers Hyderabad,165,173
Delhi Capitals,Rajasthan Royals,Rajasthan Royals,field,Rajiv Gandhi International Stadium,Delhi Capitals,184,142
Sunrisers Hyderabad,Rajasthan Royals,Rajasthan Royals,bat,M Chinnaswamy Stadium,Sunrisers Hyderabad,174,171
Mumbai Indians,Delhi Capitals,Mumbai Indians,field,M Chinnaswamy Stadium,Mumbai Indians,211,182
Delhi Capitals,Sunrisers Hyderabad,Sunrisers Hyderabad,field,M Chinnaswamy Stadium,Delhi Capitals,199,148
Punjab Kings,Kolkata Knight Riders,Punjab Kings,field,M Chinnaswamy Stadium,Kolkata Knight Riders,182,198
Royal Challengers Bangalore,Rajasthan Royals,Royal Challengers Bangalore,field,M Chinnaswamy Stadium,Royal Challengers Bangalore,209,201
Chennai Super Kings,Punjab Kings,Punjab Kings,field,Arun Jaitley Stadium,Chennai Super Kings,192,185
Sunrisers Hyderabad,Kolkata Knight Riders,Sunrisers Hyderabad,bat,Narendra Modi Stadium,Kolkata Knight Riders,203,205
Chennai Super Kings,Punjab Kings,Chennai Super Kings,field,Eden Gardens,Chennai Super Kings,189,186
Sunrisers Hyderabad,Rajasthan Royals,Rajasthan Royals,field,Narendra Modi Stadium,Sunrisers Hyderabad,189,149
Delhi Capitals,Rajasthan Royals,Rajasthan Royals,field,MA Chidambaram Stadium (Chepauk),Delhi Capitals,151,144
Mumbai Indians,Delhi Capitals,Mumbai Indians,bat,Eden Gardens,Mumbai Indians,146,140
Mumbai Indians,Kolkata Knight Riders,Kolkata Knight Riders,field,Wankhede Stadium,Kolkata Knight Riders,162,165
Delhi Capitals,Punjab Kings,Delhi Capitals,field,Rajiv Gandhi International Stadium,Delhi Capitals,165,161
Chennai Super Kings,Rajasthan Royals,Rajasthan Royals,field,Arun Jaitley Stadium,Chennai Super Kings,195,140
Rajasthan Royals,Royal Challengers Bangalore,Royal Challengers Bangalore,field,Sawai Mansingh Stadium,Royal Challengers Bangalore,179,181
Royal Challengers Bangalore,Punjab Kings,Punjab Kings,bat,Rajiv Gandhi International Stadium,Punjab Kings,160,170
Royal Challengers Bangalore,Delhi Capitals,Royal Challengers Bangalore,bat,M Chinnaswamy Stadium,Delhi Capitals,158,186
Punjab Kings,Kolkata Knight Riders,Kolkata Knight Riders,field,M Chinnaswamy Stadium,Kolkata Knight Riders,180,190
Sunrisers Hyderabad,Chennai Super Kings,Sunrisers Hyderabad,bat,Wankhede Stadium,Chennai Super Kings,183,233
Delhi Capitals,Kolkata Knight Riders,Delhi Capitals,field,Narendra Modi Stadium,Kolkata Knight Riders,146,149
Mumbai Indians,Delhi Capitals,Delhi Capitals,bat,Narendra Modi Stadium,Delhi Capitals,150,159
Punjab Kings,Mumbai Indians,Mumbai Indians,field,Rajiv Gandhi International Stadium,Punjab Kings,191,186
Delhi Capitals,Rajasthan Royals,Rajasthan Royals,field,M Chinnaswamy Stadium,Delhi Capitals,207,168
Chennai Super Kings,Sunrisers Hyderabad,Sunrisers Hyderabad,bat,Wankhede Stadium,Chennai Super Kings,190,187
Sunrisers Hyderabad,Kolkata Knight Riders,Kolkata Knight Riders,field,MA Chidambaram Stadium (Chepauk),Kolkata Knight Riders,136,163
Royal Challengers Bangalore,Delhi Capitals,Royal Challengers Bangalore,bat,Sawai Mansingh Stadium,Royal Challengers Bangalore,165,128
Delhi Capitals,Royal Challengers Bangalore,Delhi Capitals,bat,Wankhede Stadium,Delhi Capitals,223,216
Rajasthan Royals,Delhi Capitals,Rajasthan Royals,field,Eden Gardens,Rajasthan Royals,155,151
Sunrisers Hyderabad,Chennai Super Kings,Chennai Super Kings,field,M Chinnaswamy Stadium,Chennai Super Kings,183,190
Chennai Super Kings,Delhi Capitals,Delhi Capitals,bat,Arun Jaitley Stadium,Chennai Super Kings,202,199
Sunrisers Hyderabad,Chennai Super Kings,Sunrisers Hyderabad,bat,Eden Gardens,Sunrisers Hyderabad,154,148
Delhi Capitals,Royal Challengers Bangalore,Delhi Capitals,bat,Sawai Mansingh Stadium,Royal Challengers Bangalore,131,146
Royal Challengers Bangalore,Delhi Capitals,Royal Challengers Bangalore,field,M Chinnaswamy Stadium,Royal Challengers Bangalore,217,214
Sunrisers Hyderabad,Royal Challengers Bangalore,Royal Challengers Bangalore,field,Eden Gardens,Sunrisers Hyderabad,173,165
Kolkata Knight Riders,Chennai Super Kings,Kolkata Knight Riders,field,Wankhede Stadium,Chennai Super Kings,180,207
Delhi Capitals,Kolkata Knight Riders,Kolkata Knight Riders,field,Arun Jaitley Stadium,Kolkata Knight Riders,209,213
Rajasthan Royals,Punjab Kings,Punjab Kings,bat,MA Chidambaram Stadium (Chepauk),Rajasthan Royals,176,167
Kolkata Knight Riders,Delhi Capitals,Kolkata Knight Riders,field,Rajiv Gandhi International Stadium,Delhi Capitals,174,195
Kolkata Knight Riders,Sunrisers Hyderabad,Kolkata Knight Riders,field,Rajiv Gandhi International Stadium,Sunrisers Hyderabad,172,181
Chennai Super Kings,Royal Challengers Bangalore,Chennai Super Kings,bat,Arun Jaitley Stadium,Royal Challengers Bangalore,175,183
Delhi Capitals,Rajasthan Royals,Rajasthan Royals,bat,M Chinnaswamy Stadium,Rajasthan Royals,195,196
Mumbai Indians,Chennai Super Kings,Mumbai Indians,bat,Sawai Mansingh Stadium,Chennai Super Kings,184,187
Punjab Kings,Rajasthan Royals,Rajasthan Royals,field,Sawai Mansingh Stadium,Rajasthan Royals,184,191
Mumbai Indians,Delhi Capitals,Mumbai Indians,field,M Chinnaswamy Stadium,Mumbai Indians,185,181
Royal Challengers Bangalore,Rajasthan Royals,Royal Challengers Bangalore,bat,Arun Jaitley Stadium,Rajasthan Royals,185,187
Rajasthan Royals,Delhi Capitals,Delhi Capitals,bat,Rajiv Gandhi International Stadium,Rajasthan Royals,167,151
Mumbai Indians,Kolkata Knight Riders,Mumbai Indians,bat,Wankhede Stadium,Mumbai Indians,208,205
Mumbai Indians,Chennai Super Kings,Chennai Super Kings,field,M Chinnaswamy Stadium,Chennai Super Kings,186,195
Rajasthan Royals,Mumbai Indians,Rajasthan Royals,bat,Arun Jaitley Stadium,Rajasthan Royals,179,177
Chennai Super Kings,Royal Challengers Bangalore,Chennai Super Kings,field,Rajiv Gandhi International Stadium,Royal Challengers Bangalore,176,204
Mumbai Indians,Kolkata Knight Riders,Kolkata Knight Riders,field,Narendra Modi Stadium,Kolkata Knight Riders,156,164
Royal Challengers Bangalore,Sunrisers Hyderabad,Royal Challengers Bangalore,field,M Chinnaswamy Stadium,Royal Challengers Bangalore,211,209
Kolkata Knight Riders,Delhi Capitals,Kolkata Knight Riders,bat,MA Chidambaram Stadium (Chepauk),Kolkata Knight Riders,162,154
Delhi Capitals,Kolkata Knight Riders,Delhi Capitals,bat,M Chinnaswamy Stadium,Delhi Capitals,191,184
Punjab Kings,Mumbai Indians,Punjab Kings,bat,Arun Jaitley Stadium,Punjab Kings,168,166
Delhi Capitals,Chennai Super Kings,Delhi Capitals,bat,MA Chidambaram Stadium (Chepauk),Chennai Super Kings,170,177
Mumbai Indians,Kolkata Knight Riders,Kolkata Knight Riders,field,Sawai Mansingh Stadium,Mumbai Indians,165,146
Sunrisers Hyderabad,Chennai Super Kings,Sunrisers Hyderabad,field,Arun Jaitley Stadium,Sunrisers Hyderabad,181,133
Kolkata Knight Riders,Sunrisers Hyderabad,Sunrisers Hyderabad,field,Arun Jaitley Stadium,Sunrisers Hyderabad,149,165
Kolkata Knight Riders,Delhi Capitals,Kolkata Knight Riders,bat,Eden Gardens,Kolkata Knight Riders,191,157
Delhi Capitals,Sunrisers Hyderabad,Sunrisers Hyderabad,field,MA Chidambaram Stadium (Chepauk),Sunrisers Hyderabad,137,185
Rajasthan Royals,Chennai Super Kings,Chennai Super Kings,field,Eden Gardens,Chennai Super Kings,131,132
Royal Challengers Bangalore,Delhi Capitals,Royal Challengers Bangalore,bat,Sawai Mansingh Stadium,Delhi Capitals,169,178
Punjab Kings,Delhi Capitals,Punjab Kings,bat,Arun Jaitley Stadium,Delhi Capitals,136,173
Royal Challengers Bangalore,Delhi Capitals,Royal Challengers Bangalore,field,Rajiv Gandhi International Stadium,Royal Challengers Bangalore,165,147
Royal Challengers Bangalore,Mumbai Indians,Royal Challengers Bangalore,field,Sawai Mansingh Stadium,Mumbai Indians,135,180
Delhi Capitals,Royal Challengers Bangalore,Delhi Capitals,field,Narendra Modi Stadium,Delhi Capitals,172,159
Mumbai Indians,Sunrisers Hyderabad,Mumbai Indians,field,Wankhede Stadium,Mumbai Indians,219,156
Delhi Capitals,Punjab Kings,Delhi Capitals,field,Eden Gardens,Punjab Kings,128,143
Mumbai Indians,Sunrisers Hyderabad,Sunrisers Hyderabad,bat,Sawai Mansingh Stadium,Mumbai Indians,168,162
Royal Challengers Bangalore,Chennai Super Kings,Chennai Super Kings,field,Eden Gardens,Royal Challengers Bangalore,176,171
Rajasthan Royals,Punjab Kings,Rajasthan Royals,field,M Chinnaswamy Stadium,Rajasthan Royals,214,205
Kolkata Knight Riders,Chennai Super Kings,Kolkata Knight Riders,bat,Narendra Modi Stadium,Kolkata Knight Riders,187,186
Kolkata Knight Riders,Mumbai Indians,Mumbai Indians,field,Eden Gardens,Mumbai Indians,167,172
Mumbai Indians,Rajasthan Royals,Rajasthan Royals,field,Sawai Mansingh Stadium,Rajasthan Royals,174,178
Sunrisers Hyderabad,Punjab Kings,Sunrisers Hyderabad,bat,M Chinnaswamy Stadium,Punjab Kings,190,203
Mumbai Indians,Chennai Super Kings,Mumbai Indians,bat,Narendra Modi Stadium,Mumbai Indians,185,178
Sunrisers Hyderabad,Chennai Super Kings,Chennai Super Kings,field,Rajiv Gandhi International Stadium,Sunrisers Hyderabad,195,192
Rajasthan Royals,Royal Challengers Bangalore,Royal Challengers Bangalore,field,Narendra Modi Stadium,Royal Challengers Bangalore,146,197
Kolkata Knight Riders,Delhi Capitals,Kolkata Knight Riders,bat,Sawai Mansingh Stadium,Kolkata Knight Riders,159,130
Mumbai Indians,Royal Challengers Bangalore,Mumbai Indians,field,Rajiv Gandhi International Stadium,Royal Challengers Bangalore,165,174
Kolkata Knight Riders,Delhi Capitals,Delhi Capitals,bat,MA Chidambaram Stadium (Chepauk),Kolkata Knight Riders,167,135
Sunrisers Hyderabad,Royal Challengers Bangalore,Sunrisers Hyderabad,field,Arun Jaitley Stadium,Sunrisers Hyderabad,149,123
Kolkata Knight Riders,Chennai Super Kings,Kolkata Knight Riders,bat,Sawai Mansingh Stadium,Chennai Super Kings,151,161
Kolkata Knight Riders,Mumbai Indians,Kolkata Knight Riders,field,Wankhede Stadium,Mumbai Indians,148,198
Chennai Super Kings,Punjab Kings,Punjab Kings,bat,Eden Gardens,Chennai Super Kings,179,165
Royal Challengers Bangalore,Mumbai Indians,Mumbai Indians,bat,Eden Gardens,Mumbai Indians,141,162
Chennai Super Kings,Delhi Capitals,Delhi Capitals,field,Arun Jaitley Stadium,Delhi Capitals,163,167
Sunrisers Hyderabad,Rajasthan Royals,Sunrisers Hyderabad,field,Sawai Mansingh Stadium,Sunrisers Hyderabad,188,177
Kolkata Knight Riders,Chennai Super Kings,Kolkata Knight Riders,bat,Narendra Modi Stadium,Kolkata Knight Riders,167,164
Delhi Capitals,Sunrisers Hyderabad,Sunrisers Hyderabad,bat,M Chinnaswamy Stadium,Delhi Capitals,183,137
Chennai Super Kings,Mumbai Indians,Mumbai Indians,bat,M Chinnaswamy Stadium,Mumbai Indians,179,181
Delhi Capitals,Sunrisers Hyderabad,Sunrisers Hyderabad,field,Rajiv Gandhi International Stadium,Delhi Capitals,155,152
Punjab Kings,Sunrisers Hyderabad,Sunrisers Hyderabad,field,Narendra Modi Stadium,Sunrisers Hyderabad,192,202
Delhi Capitals,Mumbai Indians,Delhi Capitals,bat,M Chinnaswamy Stadium,Delhi Capitals,197,194
Chennai Super Kings,Delhi Capitals,Delhi Capitals,bat,Rajiv Gandhi International Stadium,Delhi Capitals,191,194
Delhi Capitals,Punjab Kings,Punjab Kings,field,Eden Gardens,Punjab Kings,160,166
Mumbai Indians,Sunrisers Hyderabad,Sunrisers Hyderabad,field,Arun Jaitley Stadium,Sunrisers Hyderabad,176,178
Delhi Capitals,Kolkata Knight Riders,Delhi Capitals,field,MA Chidambaram Stadium (Chepauk),Delhi Capitals,166,163
Rajasthan Royals,Punjab Kings,Punjab Kings,field,Wankhede Stadium,Rajasthan Royals,200,166
Punjab Kings,Mumbai Indians,Punjab Kings,field,Rajiv Gandhi International Stadium,Mumbai Indians,183,185
Sunrisers Hyderabad,Punjab Kings,Sunrisers Hyderabad,field,Eden Gardens,Punjab Kings,199,204
Chennai Super Kings,Royal Challengers Bangalore,Royal Challengers Bangalore,field,Sawai Mansingh Stadium,Chennai Super Kings,198,164
Punjab Kings,Mumbai Indians,Mumbai Indians,bat,Wankhede Stadium,Punjab Kings,183,173
Sunrisers Hyderabad,Delhi Capitals,Sunrisers Hyderabad,bat,MA Chidambaram Stadium (Chepauk),Delhi Capitals,141,157
Punjab Kings,Mumbai Indians,Punjab Kings,field,MA Chidambaram Stadium (Chepauk),Punjab Kings,157,141
Rajasthan Royals,Delhi Capitals,Rajasthan Royals,field,Sawai Mansingh Stadium,Rajasthan Royals,210,201
Sunrisers Hyderabad,Mumbai Indians,Sunrisers Hyderabad,field,MA Chidambaram Stadium (Chepauk),Sunrisers Hyderabad,182,161
Sunrisers Hyderabad,Mumbai Indians,Sunrisers Hyderabad,field,Wankhede Stadium,Sunrisers Hyderabad,187,185
Sunrisers Hyderabad,Punjab Kings,Sunrisers Hyderabad,field,Wankhede Stadium,Sunrisers Hyderabad,190,156
Rajasthan Royals,Chennai Super Kings,Rajasthan Royals,bat,Rajiv Gandhi International Stadium,Rajasthan Royals,154,130
Sunrisers Hyderabad,Chennai Super Kings,Sunrisers Hyderabad,field,Sawai Mansingh Stadium,Chennai Super Kings,165,176
Chennai Super Kings,Mumbai Indians,Chennai Super Kings,field,Wankhede Stadium,Mumbai Indians,174,214
Kolkata Knight Riders,Rajasthan Royals,Rajasthan Royals,bat,MA Chidambaram Stadium (Chepauk),Kolkata Knight Riders,125,120
Sunrisers Hyderabad,Rajasthan Royals,Sunrisers Hyderabad,field,Eden Gardens,Rajasthan Royals,162,180
Chennai Super Kings,Rajasthan Royals,Chennai Super Kings,bat,M Chinnaswamy Stadium,Chennai Super Kings,217,170
Royal Challengers Bangalore,Mumbai Indians,Royal Challengers Bangalore,field,Eden Gardens,Mumbai Indians,182,189
Kolkata Knight Riders,Punjab Kings,Punjab Kings,field,M Chinnaswamy Stadium,Punjab Kings,176,194
Mumbai Indians,Chennai Super Kings,Chennai Super Kings,field,Rajiv Gandhi International Stadium,Chennai Super Kings,176,185
Sunrisers Hyderabad,Punjab Kings,Punjab Kings,bat,MA Chidambaram Stadium (Chepauk),Punjab Kings,177,184
Mumbai Indians,Kolkata Knight Riders,Mumbai Indians,field,M Chinnaswamy Stadium,Kolkata Knight Riders,170,188
Mumbai Indians,Chennai Super Kings,Chennai Super Kings,bat,Wankhede Stadium,Chennai Super Kings,192,199
Rajasthan Royals,Kolkata Knight Riders,Kolkata Knight Riders,field,Narendra Modi Stadium,Rajasthan Royals,148,146
Punjab Kings,Mumbai Indians,Punjab Kings,bat,Rajiv Gandhi International Stadium,Punjab Kings,190,186
Chennai Super Kings,Delhi Capitals,Delhi Capitals,bat,Narendra Modi Stadium,Chennai Super Kings,174,151
Rajasthan Royals,Royal Challengers Bangalore,Royal Challengers Bangalore,bat,Sawai Mansingh Stadium,Royal Challengers Bangalore,175,179
Royal Challengers Bangalore,Sunrisers Hyderabad,Sunrisers Hyderabad,field,Narendra Modi Stadium,Sunrisers Hyderabad,183,193
Mumbai Indians,Sunrisers Hyderabad,Mumbai Indians,bat,Narendra Modi Stadium,Sunrisers Hyderabad,155,164
Delhi Capitals,Punjab Kings,Punjab Kings,field,MA Chidambaram Stadium (Chepauk),Delhi Capitals,179,170
Punjab Kings,Mumbai Indians,Punjab Kings,bat,MA Chidambaram Stadium (Chepauk),Punjab Kings,160,159
Kolkata Knight Riders,Chennai Super Kings,Kolkata Knight Riders,field,Narendra Modi Stadium,Kolkata Knight Riders,179,173
Sunrisers Hyderabad,Rajasthan Royals,Rajasthan Royals,field,Rajiv Gandhi International Stadium,Sunrisers Hyderabad,159,134
Delhi Capitals,Kolkata Knight Riders,Delhi Capitals,bat,Narendra Modi Stadium,Kolkata Knight Riders,178,184
Delhi Capitals,Mumbai Indians,Mumbai Indians,bat,Sawai Mansingh Stadium,Delhi Capitals,161,154
Chennai Super Kings,Mumbai Indians,Mumbai Indians,bat,Eden Gardens,Mumbai Indians,194,199
Punjab Kings,Rajasthan Royals,Rajasthan Royals,bat,MA Chidambaram Stadium (Chepauk),Rajasthan Royals,140,143
Sunrisers Hyderabad,Mumbai Indians,Mumbai Indians,field,M Chinnaswamy Stadium,Sunrisers Hyderabad,229,224
Rajasthan Royals,Kolkata Knight Riders,Kolkata Knight Riders,field,Rajiv Gandhi International Stadium,Rajasthan Royals,174,169
Punjab Kings,Rajasthan Royals,Punjab Kings,bat,Wankhede Stadium,Rajasthan Royals,197,203
Rajasthan Royals,Royal Challengers Bangalore,Rajasthan Royals,field,Wankhede Stadium,Rajasthan Royals,183,177
Rajasthan Royals,Royal Challengers Bangalore,Rajasthan Royals,field,Sawai Mansingh Stadium,Rajasthan Royals,161,160
Punjab Kings,Delhi Capitals,Delhi Capitals,bat,Arun Jaitley Stadium,Delhi Capitals,171,176
Rajasthan Royals,Kolkata Knight Riders,Rajasthan Royals,field,Rajiv Gandhi International Stadium,Kolkata Knight Riders,174,184
Kolkata Knight Riders,Royal Challengers Bangalore,Royal Challengers Bangalore,bat,Eden Gardens,Kolkata Knight Riders,161,121
Delhi Capitals,Rajasthan Royals,Rajasthan Royals,bat,Sawai Mansingh Stadium,Rajasthan Royals,177,180
Rajasthan Royals,Chennai Super Kings,Rajasthan Royals,field,Narendra Modi Stadium,Chennai Super Kings,179,182
Delhi Capitals,Sunrisers Hyderabad,Delhi Capitals,field,Wankhede Stadium,Sunrisers Hyderabad,220,227
Delhi Capitals,Royal Challengers Bangalore,Royal Challengers Bangalore,field,Sawai Mansingh Stadium,Delhi Capitals,181,140
Chennai Super Kings,Punjab Kings,Chennai Super Kings,field,Wankhede Stadium,Chennai Super Kings,196,155
Punjab Kings,Rajasthan Royals,Punjab Kings,bat,Sawai Mansingh Stadium,Punjab Kings,202,198
Delhi Capitals,Kolkata Knight Riders,Delhi Capitals,bat,Narendra Modi Stadium,Delhi Capitals,166,164
Sunrisers Hyderabad,Royal Challengers Bangalore,Sunrisers Hyderabad,field,M Chinnaswamy Stadium,Royal Challengers Bangalore,195,199
Royal Challengers Bangalore,Rajasthan Royals,Royal Challengers Bangalore,bat,M Chinnaswamy Stadium,Royal Challengers Bangalore,197,187
Punjab Kings,Delhi Capitals,Punjab Kings,bat,Rajiv Gandhi International Stadium,Punjab Kings,205,157
Chennai Super Kings,Rajasthan Royals,Rajasthan Royals,bat,Eden Gardens,Rajasthan Royals,168,181
Kolkata Knight Riders,Chennai Super Kings,Chennai Super Kings,field,MA Chidambaram Stadium (Chepauk),Chennai Super Kings,172,177
Delhi Capitals,Royal Challengers Bangalore,Delhi Capitals,field,M Chinnaswamy Stadium,Delhi Capitals,191,158
Mumbai Indians,Punjab Kings,Mumbai Indians,field,MA Chidambaram Stadium (Chepauk),Punjab Kings,185,195
Delhi Capitals,Kolkata Knight Riders,Delhi Capitals,bat,M Chinnaswamy Stadium,Delhi Capitals,185,165
Kolkata Knight Riders,Mumbai Indians,Kolkata Knight Riders,field,Rajiv Gandhi International Stadium,Mumbai Indians,159,169
Kolkata Knight Riders,Delhi Capitals,Delhi Capitals,field,MA Chidambaram Stadium (Chepauk),Kolkata Knight Riders,158,157
Punjab Kings,Delhi Capitals,Delhi Capitals,bat,Sawai Mansingh Stadium,Delhi Capitals,189,190
Mumbai Indians,Delhi Capitals,Mumbai Indians,field,MA Chidambaram Stadium (Chepauk),Mumbai Indians,170,168
Rajasthan Royals,Kolkata Knight Riders,Rajasthan Royals,bat,M Chinnaswamy Stadium,Rajasthan Royals,203,155
Punjab Kings,Delhi Capitals,Delhi Capitals,field,Wankhede Stadium,Delhi Capitals,188,193
Royal Challengers Bangalore,Kolkata Knight Riders,Kolkata Knight Riders,bat,Wankhede Stadium,Royal Challengers Bangalore,209,207
Sunrisers Hyderabad,Mumbai Indians,Mumbai Indians,bat,Eden Gardens,Mumbai Indians,154,165
Delhi Capitals,Sunrisers Hyderabad,Delhi Capitals,field,Rajiv Gandhi International Stadium,Sunrisers Hyderabad,155,158
Kolkata Knight Riders,Delhi Capitals,Kolkata Knight Riders,field,Narendra Modi Stadium,Delhi Capitals,138,140
Sunrisers Hyderabad,Mumbai Indians,Mumbai Indians,field,Wankhede Stadium,Mumbai Indians,209,214
Kolkata Knight Riders,Sunrisers Hyderabad,Kolkata Knight Riders,field,Sawai Mansingh Stadium,Sunrisers Hyderabad,140,141
Rajasthan Royals,Royal Challengers Bangalore,Rajasthan Royals,field,Arun Jaitley Stadium,Royal Challengers Bangalore,147,148
Chennai Super Kings,Punjab Kings,Punjab Kings,field,M Chinnaswamy Stadium,Chennai Super Kings,216,197
Sunrisers Hyderabad,Rajasthan Royals,Rajasthan Royals,field,Sawai Mansingh Stadium,Rajasthan Royals,144,205
Royal Challengers Bangalore,Chennai Super Kings,Royal Challengers Bangalore,field,Rajiv Gandhi International Stadium,Chennai Super Kings,180,188
Punjab Kings,Delhi Capitals,Punjab Kings,bat,M Chinnaswamy Stadium,Punjab Kings,227,224
Mumbai Indians,Kolkata Knight Riders,Kolkata Knight Riders,bat,Narendra Modi Stadium,Mumbai Indians,135,127
Punjab Kings,Sunrisers Hyderabad,Sunrisers Hyderabad,bat,Arun Jaitley Stadium,Sunrisers Hyderabad,177,206
Royal Challengers Bangalore,Kolkata Knight Riders,Royal Challengers Bangalore,field,Narendra Modi Stadium,Royal Challengers Bangalore,188,171
Rajasthan Royals,Delhi Capitals,Rajasthan Royals,bat,Arun Jaitley Stadium,Delhi Capitals,171,176
Kolkata Knight Riders,Delhi Capitals,Delhi Capitals,bat,Arun Jaitley Stadium,Delhi Capitals,175,182
Kolkata Knight Riders,Sunrisers Hyderabad,Sunrisers Hyderabad,bat,Arun Jaitley Stadium,Kolkata Knight Riders,162,156
Chennai Super Kings,Sunrisers Hyderabad,Sunrisers Hyderabad,field,M Chinnaswamy Stadium,Chennai Super Kings,175,172
Mumbai Indians,Punjab Kings,Mumbai Indians,field,Narendra Modi Stadium,Mumbai Indians,164,155
Kolkata Knight Riders,Rajasthan Royals,Kolkata Knight Riders,field,Rajiv Gandhi International Stadium,Kolkata Knight Riders,140,137
Sunrisers Hyderabad,Chennai Super Kings,Sunrisers Hyderabad,field,Narendra Modi Stadium,Chennai Super Kings,161,191
Chennai Super Kings,Sunrisers Hyderabad,Chennai Super Kings,field,Rajiv Gandhi International Stadium,Chennai Super Kings,182,126
Mumbai Indians,Punjab Kings,Punjab Kings,field,Sawai Mansingh Stadium,Punjab Kings,143,175
Sunrisers Hyderabad,Royal Challengers Bangalore,Royal Challengers Bangalore,bat,Arun Jaitley Stadium,Royal Challengers Bangalore,138,156
Delhi Capitals,Rajasthan Royals,Rajasthan Royals,field,Narendra Modi Stadium,Rajasthan Royals,170,172
Kolkata Knight Riders,Chennai Super Kings,Kolkata Knight Riders,bat,Arun Jaitley Stadium,Chennai Super Kings,162,171
Delhi Capitals,Sunrisers Hyderabad,Delhi Capitals,field,Wankhede Stadium,Delhi Capitals,191,184
Mumbai Indians,Royal Challengers Bangalore,Mumbai Indians,bat,Eden Gardens,Mumbai Indians,177,169
Kolkata Knight Riders,Delhi Capitals,Kolkata Knight Riders,field,Arun Jaitley Stadium,Delhi Capitals,160,170
Mumbai Indians,Punjab Kings,Mumbai Indians,field,Narendra Modi Stadium,Mumbai Indians,192,184
Chennai Super Kings,Rajasthan Royals,Rajasthan Royals,field,MA Chidambaram Stadium (Chepauk),Chennai Super Kings,156,141
Royal Challengers Bangalore,Delhi Capitals,Delhi Capitals,field,M Chinnaswamy Stadium,Royal Challengers Bangalore,199,189
Delhi Capitals,Rajasthan Royals,Delhi Capitals,bat,Rajiv Gandhi International Stadium,Rajasthan Royals,159,160
Kolkata Knight Riders,Royal Challengers Bangalore,Royal Challengers Bangalore,bat,Rajiv Gandhi International Stadium,Kolkata Knight Riders,150,147
Royal Challengers Bangalore,Kolkata Knight Riders,Kolkata Knight Riders,field,Sawai Mansingh Stadium,Royal Challengers Bangalore,204,195
Kolkata Knight Riders,Mumbai Indians,Mumbai Indians,field,Eden Gardens,Kolkata Knight Riders,152,149
Royal Challengers Bangalore,Rajasthan Royals,Rajasthan Royals,bat,Arun Jaitley Stadium,Rajasthan Royals,146,177
Punjab Kings,Delhi Capitals,Delhi Capitals,field,Sawai Mansingh Stadium,Punjab Kings,185,183
Chennai Super Kings,Kolkata Knight Riders,Chennai Super Kings,field,M Chinnaswamy Stadium,Chennai Super Kings,188,185
Rajasthan Royals,Delhi Capitals,Rajasthan Royals,field,Sawai Mansingh Stadium,Delhi Capitals,143,201
Kolkata Knight Riders,Punjab Kings,Kolkata Knight Riders,field,MA Chidambaram Stadium (Chepauk),Punjab Kings,126,153
Kolkata Knight Riders,Delhi Capitals,Kolkata Knight Riders,bat,Rajiv Gandhi International Stadium,Delhi Capitals,173,178
Chennai Super Kings,Kolkata Knight Riders,Chennai Super Kings,bat,Rajiv Gandhi International Stadium,Kolkata Knight Riders,160,169
Chennai Super Kings,Sunrisers Hyderabad,Chennai Super Kings,bat,Sawai Mansingh Stadium,Sunrisers Hyderabad,164,172
Kolkata Knight Riders,Delhi Capitals,Delhi Capitals,field,Arun Jaitley Stadium,Delhi Capitals,179,203
Kolkata Knight Riders,Royal Challengers Bangalore,Kolkata Knight Riders,bat,Narendra Modi Stadium,Kolkata Knight Riders,149,133
Royal Challengers Bangalore,Delhi Capitals,Royal Challengers Bangalore,field,Wankhede Stadium,Royal Challengers Bangalore,233,230
Royal Challengers Bangalore,Rajasthan Royals,Royal Challengers Bangalore,field,Sawai Mansingh Stadium,Rajasthan Royals,144,192
Chennai Super Kings,Mumbai Indians,Mumbai Indians,bat,Arun Jaitley Stadium,Mumbai Indians,197,202
Sunrisers Hyderabad,Punjab Kings,Sunrisers Hyderabad,bat,Arun Jaitley Stadium,Punjab Kings,169,189
Royal Challengers Bangalore,Rajasthan Royals,Rajasthan Royals,field,Wankhede Stadium,Rajasthan Royals,173,175
Punjab Kings,Chennai Super Kings,Punjab Kings,field,Arun Jaitley Stadium,Punjab Kings,145,143
Delhi Capitals,Royal Challengers Bangalore,Royal Challengers Bangalore,bat,Eden Gardens,Delhi Capitals,146,136
Chennai Super Kings,Sunrisers Hyderabad,Chennai Super Kings,bat,Arun Jaitley Stadium,Sunrisers Hyderabad,164,174
Kolkata Knight Riders,Chennai Super Kings,Kolkata Knight Riders,bat,Arun Jaitley Stadium,Kolkata Knight Riders,165,132
Rajasthan Royals,Sunrisers Hyderabad,Rajasthan Royals,field,Sawai Mansingh Stadium,Sunrisers Hyderabad,166,174
Sunrisers Hyderabad,Kolkata Knight Riders,Sunrisers Hyderabad,bat,MA Chidambaram Stadium (Chepauk),Sunrisers Hyderabad,159,157
Mumbai Indians,Sunrisers Hyderabad,Sunrisers Hyderabad,field,MA Chidambaram Stadium (Chepauk),Sunrisers Hyderabad,177,181
Punjab Kings,Sunrisers Hyderabad,Punjab Kings,bat,Wankhede Stadium,Sunrisers Hyderabad,210,217
Mumbai Indians,Delhi Capitals,Mumbai Indians,bat,M Chinnaswamy Stadium,Mumbai Indians,179,177
Chennai Super Kings,Mumbai Indians,Mumbai Indians,field,Sawai Mansingh Stadium,Chennai Super Kings,175,164
Rajasthan Royals,Kolkata Knight Riders,Rajasthan Royals,field,Rajiv Gandhi International Stadium,Rajasthan Royals,170,141
Punjab Kings,Delhi Capitals,Delhi Capitals,bat,Wankhede Stadium,Delhi Capitals,180,190
Chennai Super Kings,Delhi Capitals,Chennai Super Kings,field,Wankhede Stadium,Chennai Super Kings,181,160
Rajasthan Royals,Sunrisers Hyderabad,Rajasthan Royals,bat,Wankhede Stadium,Rajasthan Royals,203,202
Sunrisers Hyderabad,Mumbai Indians,Sunrisers Hyderabad,field,Eden Gardens,Mumbai Indians,179,188
Rajasthan Royals,Delhi Capitals,Rajasthan Royals,bat,M Chinnaswamy Stadium,Delhi Capitals,158,172
Delhi Capitals,Chennai Super Kings,Delhi Capitals,field,M Chinnaswamy Stadium,Chennai Super Kings,203,212
Mumbai Indians,Royal Challengers Bangalore,Royal Challengers Bangalore,bat,Eden Gardens,Mumbai Indians,209,168
Punjab Kings,Delhi Capitals,Punjab Kings,field,M Chinnaswamy Stadium,Delhi Capitals,180,184
Mumbai Indians,Sunrisers Hyderabad,Sunrisers Hyderabad,bat,MA Chidambaram Stadium (Chepauk),Sunrisers Hyderabad,155,163
Mumbai Indians,Royal Challengers Bangalore,Mumbai Indians,field,Wankhede Stadium,Mumbai Indians,206,200
Delhi Capitals,Mumbai Indians,Delhi Capitals,bat,Eden Gardens,Mumbai Indians,143,149
Sunrisers Hyderabad,Kolkata Knight Riders,Kolkata Knight Riders,field,Arun Jaitley Stadium,Kolkata Knight Riders,121,170
Delhi Capitals,Punjab Kings,Punjab Kings,field,Arun Jaitley Stadium,Delhi Capitals,136,113
Kolkata Knight Riders,Delhi Capitals,Kolkata Knight Riders,field,Rajiv Gandhi International Stadium,Delhi Capitals,168,208
Delhi Capitals,Kolkata Knight Riders,Delhi Capitals,bat,Narendra Modi Stadium,Kolkata Knight Riders,158,177
Mumbai Indians,Sunrisers Hyderabad,Sunrisers Hyderabad,bat,Wankhede Stadium,Mumbai Indians,184,176
Kolkata Knight Riders,Royal Challengers Bangalore,Royal Challengers Bangalore,bat,Wankhede Stadium,Royal Challengers Bangalore,198,199
Punjab Kings,Sunrisers Hyderabad,Sunrisers Hyderabad,field,Eden Gardens,Sunrisers Hyderabad,162,164
Sunrisers Hyderabad,Delhi Capitals,Sunrisers Hyderabad,field,M Chinnaswamy Stadium,Delhi Capitals,164,198
Rajasthan Royals,Mumbai Indians,Mumbai Indians,field,Narendra Modi Stadium,Rajasthan Royals,156,147
Chennai Super Kings,Delhi Capitals,Delhi Capitals,bat,Eden Gardens,Delhi Capitals,174,177
Royal Challengers Bangalore,Kolkata Knight Riders,Royal Challengers Bangalore,bat,M Chinnaswamy Stadium,Kolkata Knight Riders,181,184
Sunrisers Hyderabad,Royal Challengers Bangalore,Sunrisers Hyderabad,field,MA Chidambaram Stadium (Chepauk),Sunrisers Hyderabad,169,160
Delhi Capitals,Mumbai Indians,Mumbai Indians,field,MA Chidambaram Stadium (Chepauk),Mumbai Indians,148,169
Punjab Kings,Kolkata Knight Riders,Kolkata Knight Riders,field,Narendra Modi Stadium,Kolkata Knight Riders,184,186
Rajasthan Royals,Punjab Kings,Punjab Kings,field,Sawai Mansingh Stadium,Rajasthan Royals,160,130
Punjab Kings,Royal Challengers Bangalore,Royal Challengers Bangalore,field,Wankhede Stadium,Royal Challengers Bangalore,155,174
Punjab Kings,Royal Challengers Bangalore,Punjab Kings,field,Arun Jaitley Stadium,Royal Challengers Bangalore,144,157
Royal Challengers Bangalore,Kolkata Knight Riders,Royal Challengers Bangalore,field,M Chinnaswamy Stadium,Royal Challengers Bangalore,193,190
Royal Challengers Bangalore,Mumbai Indians,Mumbai Indians,bat,Arun Jaitley Stadium,Mumbai Indians,159,172
Punjab Kings,Sunrisers Hyderabad,Sunrisers Hyderabad,field,Arun Jaitley Stadium,Sunrisers Hyderabad,158,162
Royal Challengers Bangalore,Delhi Capitals,Royal Challengers Bangalore,field,Rajiv Gandhi International Stadium,Royal Challengers Bangalore,159,156
Royal Challengers Bangalore,Delhi Capitals,Delhi Capitals,field,MA Chidambaram Stadium (Chepauk),Royal Challengers Bangalore,163,160
Punjab Kings,Rajasthan Royals,Rajasthan Royals,bat,MA Chidambaram Stadium (Chepauk),Rajasthan Royals,177,179
Kolkata Knight Riders,Sunrisers Hyderabad,Sunrisers Hyderabad,field,Narendra Modi Stadium,Sunrisers Hyderabad,156,187
Royal Challengers Bangalore,Punjab Kings,Punjab Kings,field,M Chinnaswamy Stadium,Royal Challengers Bangalore,183,170
Delhi Capitals,Kolkata Knight Riders,Delhi Capitals,field,Wankhede Stadium,Delhi Capitals,178,174
Punjab Kings,Sunrisers Hyderabad,Sunrisers Hyderabad,field,M Chinnaswamy Stadium,Sunrisers Hyderabad,169,181
Chennai Super Kings,Punjab Kings,Chennai Super Kings,bat,Wankhede Stadium,Punjab Kings,187,196
Chennai Super Kings,Punjab Kings,Punjab Kings,field,Rajiv Gandhi International Stadium,Chennai Super Kings,189,180
Punjab Kings,Mumbai Indians,Mumbai Indians,field,Narendra Modi Stadium,Mumbai Indians,175,185
Mumbai Indians,Kolkata Knight Riders,Mumbai Indians,bat,M Chinnaswamy Stadium,Kolkata Knight Riders,131,199
Mumbai Indians,Royal Challengers Bangalore,Mumbai Indians,field,Rajiv Gandhi International Stadium,Royal Challengers Bangalore,135,156
Chennai Super Kings,Rajasthan Royals,Rajasthan Royals,field,Wankhede Stadium,Chennai Super Kings,160,143
Delhi Capitals,Kolkata Knight Riders,Delhi Capitals,field,Arun Jaitley Stadium,Delhi Capitals,180,175
Punjab Kings,Rajasthan Royals,Rajasthan Royals,bat,Arun Jaitley Stadium,Punjab Kings,145,108
Kolkata Knight Riders,Sunrisers Hyderabad,Kolkata Knight Riders,field,Narendra Modi Stadium,Kolkata Knight Riders,170,165
Delhi Capitals,Punjab Kings,Punjab Kings,bat,Rajiv Gandhi International Stadium,Punjab Kings,129,160
Kolkata Knight Riders,Sunrisers Hyderabad,Kolkata Knight Riders,field,M Chinnaswamy Stadium,Sunrisers Hyderabad,180,189
Chennai Super Kings,Mumbai Indians,Mumbai Indians,field,Rajiv Gandhi International Stadium,Chennai Super Kings,166,143
Royal Challengers Bangalore,Kolkata Knight Riders,Royal Challengers Bangalore,field,Rajiv Gandhi International Stadium,Royal Challengers Bangalore,184,157
Chennai Super Kings,Delhi Capitals,Delhi Capitals,field,Rajiv Gandhi International Stadium,Delhi Capitals,163,168
Chennai Super Kings,Punjab Kings,Punjab Kings,field,M Chinnaswamy Stadium,Chennai Super Kings,175,159
Rajasthan Royals,Mumbai Indians,Mumbai Indians,field,MA Chidambaram Stadium (Chepauk),Mumbai Indians,146,187
Royal Challengers Bangalore,Delhi Capitals,Royal Challengers Bangalore,bat,MA Chidambaram Stadium (Chepauk),Delhi Capitals,123,125
Rajasthan Royals,Punjab Kings,Rajasthan Royals,field,Rajiv Gandhi International Stadium,Rajasthan Royals,189,152
Chennai Super Kings,Delhi Capitals,Delhi Capitals,field,Wankhede Stadium,Delhi Capitals,170,199
Delhi Capitals,Royal Challengers Bangalore,Delhi Capitals,bat,Sawai Mansingh Stadium,Delhi Capitals,204,197
Chennai Super Kings,Royal Challengers Bangalore,Chennai Super Kings,field,M Chinnaswamy Stadium,Chennai Super Kings,197,171
Rajasthan Royals,Royal Challengers Bangalore,Royal Challengers Bangalore,bat,Wankhede Stadium,Royal Challengers Bangalore,223,233
Rajasthan Royals,Delhi Capitals,Delhi Capitals,field,Narendra Modi Stadium,Delhi Capitals,174,180
Sunrisers Hyderabad,Delhi Capitals,Delhi Capitals,bat,Narendra Modi Stadium,Sunrisers Hyderabad,195,190
Mumbai Indians,Kolkata Knight Riders,Kolkata Knight Riders,field,Eden Gardens,Mumbai Indians,163,145
Delhi Capitals,Rajasthan Royals,Rajasthan Royals,field,MA Chidambaram Stadium (Chepauk),Delhi Capitals,158,136
Punjab Kings,Delhi Capitals,Punjab Kings,bat,Arun Jaitley Stadium,Delhi Capitals,197,203
Kolkata Knight Riders,Rajasthan Royals,Kolkata Knight Riders,bat,Sawai Mansingh Stadium,Rajasthan Royals,153,163
Kolkata Knight Riders,Sunrisers Hyderabad,Kolkata Knight Riders,field,Eden Gardens,Kolkata Knight Riders,142,138
Kolkata Knight Riders,Punjab Kings,Punjab Kings,field,Eden Gardens,Punjab Kings,184,186
Mumbai Indians,Delhi Capitals,Delhi Capitals,bat,Narendra Modi Stadium,Mumbai Indians,170,169
Sunrisers Hyderabad,Royal Challengers Bangalore,Sunrisers Hyderabad,bat,Arun Jaitley Stadium,Royal Challengers Bangalore,181,186
Sunrisers Hyderabad,Mumbai Indians,Sunrisers Hyderabad,bat,Sawai Mansingh Stadium,Sunrisers Hyderabad,177,147
Punjab Kings,Kolkata Knight Riders,Kolkata Knight Riders,field,MA Chidambaram Stadium (Chepauk),Kolkata Knight Riders,118,180
Royal Challengers Bangalore,Kolkata Knight Riders,Kolkata Knight Riders,field,Wankhede Stadium,Kolkata Knight Riders,174,175
Chennai Super Kings,Delhi Capitals,Chennai Super Kings,field,Eden Gardens,Chennai Super Kings,190,170
Rajasthan Royals,Mumbai Indians,Rajasthan Royals,field,Sawai Mansingh Stadium,Rajasthan Royals,212,206
Royal Challengers Bangalore,Kolkata Knight Riders,Royal Challengers Bangalore,bat,Rajiv Gandhi International Stadium,Royal Challengers Bangalore,185,178
Rajasthan Royals,Kolkata Knight Riders,Kolkata Knight Riders,bat,M Chinnaswamy Stadium,Kolkata Knight Riders,181,185
Mumbai Indians,Delhi Capitals,Delhi Capitals,field,Sawai Mansingh Stadium,Delhi Capitals,193,197
Royal Challengers Bangalore,Punjab Kings,Royal Challengers Bangalore,field,M Chinnaswamy Stadium,Royal Challengers Bangalore,201,198
Delhi Capitals,Punjab Kings,Delhi Capitals,field,Narendra Modi Stadium,Delhi Capitals,151,140
Punjab Kings,Chennai Super Kings,Punjab Kings,bat,M Chinnaswamy Stadium,Chennai Super Kings,156,158
Sunrisers Hyderabad,Delhi Capitals,Sunrisers Hyderabad,field,Arun Jaitley Stadium,Delhi Capitals,199,204
Delhi Capitals,Chennai Super Kings,Delhi Capitals,bat,Rajiv Gandhi International Stadium,Chennai Super Kings,154,158
Kolkata Knight Riders,Rajasthan Royals,Rajasthan Royals,field,M Chinnaswamy Stadium,Kolkata Knight Riders,205,196
Sunrisers Hyderabad,Punjab Kings,Punjab Kings,field,Narendra Modi Stadium,Sunrisers Hyderabad,175,145
Royal Challengers Bangalore,Punjab Kings,Punjab Kings,bat,M Chinnaswamy Stadium,Royal Challengers Bangalore,192,182
Punjab Kings,Sunrisers Hyderabad,Punjab Kings,field,Wankhede Stadium,Punjab Kings,215,210
Rajasthan Royals,Sunrisers Hyderabad,Rajasthan Royals,field,Rajiv Gandhi International Stadium,Sunrisers Hyderabad,169,172
Delhi Capitals,Sunrisers Hyderabad,Delhi Capitals,field,Narendra Modi Stadium,Delhi Capitals,185,181
Rajasthan Royals,Delhi Capitals,Rajasthan Royals,field,Wankhede Stadium,Rajasthan Royals,183,153
Sunrisers Hyderabad,Rajasthan Royals,Sunrisers Hyderabad,field,MA Chidambaram Stadium (Chepauk),Rajasthan Royals,155,157
Mumbai Indians,Royal Challengers Bangalore,Mumbai Indians,bat,M Chinnaswamy Stadium,Mumbai Indians,196,192
Kolkata Knight Riders,Delhi Capitals,Kolkata Knight Riders,field,Sawai Mansingh Stadium,Kolkata Knight Riders,185,159
Royal Challengers Bangalore,Chennai Super Kings,Chennai Super Kings,bat,MA Chidambaram Stadium (Chepauk),Royal Challengers Bangalore,196,188
Sunrisers Hyderabad,Punjab Kings,Punjab Kings,field,Sawai Mansingh Stadium,Punjab Kings,162,209
Royal Challengers Bangalore,Rajasthan Royals,Rajasthan Royals,bat,Narendra Modi Stadium,Rajasthan Royals,172,181
Rajasthan Royals,Royal Challengers Bangalore,Royal Challengers Bangalore,bat,Narendra Modi Stadium,Rajasthan Royals,175,168
Delhi Capitals,Kolkata Knight Riders,Delhi Capitals,field,Sawai Mansingh Stadium,Delhi Capitals,184,173
Royal Challengers Bangalore,Sunrisers Hyderabad,Royal Challengers Bangalore,field,Sawai Mansingh Stadium,Sunrisers Hyderabad,158,166
Rajasthan Royals,Chennai Super Kings,Chennai Super Kings,field,Rajiv Gandhi International Stadium,Chennai Super Kings,155,164
Delhi Capitals,Mumbai Indians,Mumbai Indians,field,Rajiv Gandhi International Stadium,Delhi Capitals,181,174
Punjab Kings,Mumbai Indians,Punjab Kings,bat,Sawai Mansingh Stadium,Mumbai Indians,190,200
Rajasthan Royals,Royal Challengers Bangalore,Rajasthan Royals,bat,Sawai Mansingh Stadium,Rajasthan Royals,174,169
Mumbai Indians,Delhi Capitals,Delhi Capitals,field,Narendra Modi Stadium,Delhi Capitals,186,190
Delhi Capitals,Chennai Super Kings,Delhi Capitals,field,M Chinnaswamy Stadium,Delhi Capitals,186,184
Rajasthan Royals,Royal Challengers Bangalore,Royal Challengers Bangalore,bat,M Chinnaswamy Stadium,Rajasthan Royals,196,193
Chennai Super Kings,Kolkata Knight Riders,Chennai Super Kings,field,Eden Gardens,Kolkata Knight Riders,161,168
Delhi Capitals,Kolkata Knight Riders,Delhi Capitals,bat,MA Chidambaram Stadium (Chepauk),Kolkata Knight Riders,131,141
Chennai Super Kings,Royal Challengers Bangalore,Chennai Super Kings,field,Rajiv Gandhi International Stadium,Chennai Super Kings,178,153
Rajasthan Royals,Punjab Kings,Punjab Kings,field,Rajiv Gandhi International Stadium,Punjab Kings,194,198
Punjab Kings,Sunrisers Hyderabad,Punjab Kings,bat,Narendra Modi Stadium,Punjab Kings,178,176
Kolkata Knight Riders,Sunrisers Hyderabad,Sunrisers Hyderabad,field,Rajiv Gandhi International Stadium,Kolkata Knight Riders,132,122
Chennai Super Kings,Delhi Capitals,Chennai Super Kings,bat,Wankhede Stadium,Chennai Super Kings,205,204
Kolkata Knight Riders,Chennai Super Kings,Chennai Super Kings,field,Eden Gardens,Kolkata Knight Riders,220,215
Mumbai Indians,Kolkata Knight Riders,Mumbai Indians,field,Eden Gardens,Kolkata Knight Riders,151,164
Sunrisers Hyderabad,Delhi Capitals,Sunrisers Hyderabad,field,M Chinnaswamy Stadium,Sunrisers Hyderabad,221,219
Delhi Capitals,Punjab Kings,Delhi Capitals,bat,MA Chidambaram Stadium (Chepauk),Punjab Kings,190,192
Royal Challengers Bangalore,Kolkata Knight Riders,Royal Challengers Bangalore,field,Eden Gardens,Kolkata Knight Riders,181,187
Sunrisers Hyderabad,Delhi Capitals,Sunrisers Hyderabad,field,Eden Gardens,Delhi Capitals,173,178
Chennai Super Kings,Kolkata Knight Riders,Kolkata Knight Riders,field,Narendra Modi Stadium,Chennai Super Kings,170,160
Royal Challengers Bangalore,Rajasthan Royals,Royal Challengers Bangalore,field,Arun Jaitley Stadium,Rajasthan Royals,157,167
Royal Challengers Bangalore,Chennai Super Kings,Royal Challengers Bangalore,bat,M Chinnaswamy Stadium,Royal Challengers Bangalore,211,203
Chennai Super Kings,Punjab Kings,Punjab Kings,bat,Rajiv Gandhi International Stadium,Punjab Kings,165,186
Delhi Capitals,Punjab Kings,Delhi Capitals,field,Eden Gardens,Punjab Kings,136,153
Punjab Kings,Mumbai Indians,Mumbai Indians,field,Narendra Modi Stadium,Punjab Kings,142,125
Punjab Kings,Delhi Capitals,Punjab Kings,field,Arun Jaitley Stadium,Punjab Kings,159,156
Royal Challengers Bangalore,Punjab Kings,Royal Challengers Bangalore,field,MA Chidambaram Stadium (Chepauk),Royal Challengers Bangalore,181,159
Punjab Kings,Delhi Capitals,Delhi Capitals,bat,Narendra Modi Stadium,Punjab Kings,202,196
Kolkata Knight Riders,Rajasthan Royals,Kolkata Knight Riders,bat,Wankhede Stadium,Rajasthan Royals,204,206
Sunrisers Hyderabad,Punjab Kings,Sunrisers Hyderabad,bat,MA Chidambaram Stadium (Chepauk),Punjab Kings,143,149
Chennai Super Kings,Punjab Kings,Punjab Kings,bat,Sawai Mansingh Stadium,Punjab Kings,156,178
Mumbai Indians,Sunrisers Hyderabad,Mumbai Indians,field,Wankhede Stadium,Mumbai Indians,220,208
Kolkata Knight Riders,Rajasthan Royals,Rajasthan Royals,bat,Eden Gardens,Kolkata Knight Riders,150,137
Punjab Kings,Delhi Capitals,Delhi Capitals,field,Wankhede Stadium,Delhi Capitals,179,186
Mumbai Indians,Sunrisers Hyderabad,Sunrisers Hyderabad,field,M Chinnaswamy Stadium,Sunrisers Hyderabad,189,198
Sunrisers Hyderabad,Royal Challengers Bangalore,Royal Challengers Bangalore,bat,Arun Jaitley Stadium,Royal Challengers Bangalore,148,155
Punjab Kings,Sunrisers Hyderabad,Sunrisers Hyderabad,field,Arun Jaitley Stadium,Punjab Kings,167,147
Rajasthan Royals,Royal Challengers Bangalore,Rajasthan Royals,field,Narendra Modi Stadium,Royal Challengers Bangalore,136,141
Chennai Super Kings,Rajasthan Royals,Rajasthan Royals,field,M Chinnaswamy Stadium,Chennai Super Kings,219,215
Kolkata Knight Riders,Punjab Kings,Kolkata Knight Riders,bat,Arun Jaitley Stadium,Punjab Kings,193,198
Royal Challengers Bangalore,Chennai Super Kings,Royal Challengers Bangalore,field,MA Chidambaram Stadium (Chepauk),Royal Challengers Bangalore,173,163
Kolkata Knight Riders,Mumbai Indians,Mumbai Indians,field,Sawai Mansingh Stadium,Kolkata Knight Riders,173,169
Mumbai Indians,Delhi Capitals,Delhi Capitals,field,Arun Jaitley Stadium,Delhi Capitals,178,183
Mumbai Indians,Rajasthan Royals,Mumbai Indians,bat,Sawai Mansingh Stadium,Mumbai Indians,160,155
Chennai Super Kings,Punjab Kings,Chennai Super Kings,bat,Arun Jaitley Stadium,Chennai Super Kings,146,140
Mumbai Indians,Punjab Kings,Punjab Kings,bat,Eden Gardens,Punjab Kings,158,164
Punjab Kings,Chennai Super Kings,Chennai Super Kings,field,Sawai Mansingh Stadium,Chennai Super Kings,175,181
Kolkata Knight Riders,Mumbai Indians,Mumbai Indians,bat,MA Chidambaram Stadium (Chepauk),Mumbai Indians,180,190
Mumbai Indians,Sunrisers Hyderabad,Mumbai Indians,field,Rajiv Gandhi International Stadium,Mumbai Indians,162,143
Mumbai Indians,Kolkata Knight Riders,Kolkata Knight Riders,field,MA Chidambaram Stadium (Chepauk),Mumbai Indians,175,168
Royal Challengers Bangalore,Punjab Kings,Royal Challengers Bangalore,field,M Chinnaswamy Stadium,Royal Challengers Bangalore,195,171
Kolkata Knight Riders,Rajasthan Royals,Kolkata Knight Riders,field,Eden Gardens,Kolkata Knight Riders,180,170
Mumbai Indians,Chennai Super Kings,Mumbai Indians,field,Rajiv Gandhi International Stadium,Mumbai Indians,163,153
Chennai Super Kings,Punjab Kings,Chennai Super Kings,field,Sawai Mansingh Stadium,Punjab Kings,179,187
Royal Challengers Bangalore,Kolkata Knight Riders,Kolkata Knight Riders,field,MA Chidambaram Stadium (Chepauk),Kolkata Knight Riders,156,159
Mumbai Indians,Chennai Super Kings,Mumbai Indians,bat,MA Chidambaram Stadium (Chepauk),Mumbai Indians,162,153
Rajasthan Royals,Chennai Super Kings,Chennai Super Kings,field,Arun Jaitley Stadium,Chennai Super Kings,127,187
Chennai Super Kings,Royal Challengers Bangalore,Royal Challengers Bangalore,field,Eden Gardens,Royal Challengers Bangalore,149,154
Sunrisers Hyderabad,Rajasthan Royals,Rajasthan Royals,bat,M Chinnaswamy Stadium,Sunrisers Hyderabad,211,202
Chennai Super Kings,Royal Challengers Bangalore,Chennai Super Kings,field,M Chinnaswamy Stadium,Royal Challengers Bangalore,163,182
Rajasthan Royals,Chennai Super Kings,Chennai Super Kings,field,Narendra Modi Stadium,Rajasthan Royals,182,177
Delhi Capitals,Punjab Kings,Delhi Capitals,bat,Wankhede Stadium,Punjab Kings,182,186
Punjab Kings,Rajasthan Royals,Rajasthan Royals,field,Wankhede Stadium,Rajasthan Royals,160,181
Mumbai Indians,Sunrisers Hyderabad,Sunrisers Hyderabad,field,Eden Gardens,Sunrisers Hyderabad,141,142
Chennai Super Kings,Mumbai Indians,Chennai Super Kings,field,Sawai Mansingh Stadium,Chennai Super Kings,187,181
Delhi Capitals,Royal Challengers Bangalore,Delhi Capitals,bat,Sawai Mansingh Stadium,Royal Challengers Bangalore,111,140
Chennai Super Kings,Delhi Capitals,Delhi Capitals,bat,Sawai Mansingh Stadium,Delhi Capitals,176,200
Chennai Super Kings,Rajasthan Royals,Chennai Super Kings,field,Sawai Mansingh Stadium,Chennai Super Kings,164,145
