home_team,away_team,rebounds,assists,shooting_percentage,home_score,away_score,winner
Golden State Warriors,Los Angeles Lakers,46,25,49.3,128,103,Home
Milwaukee Bucks,Golden State Warriors,44,30,50.0,114,110,Home
Brooklyn Nets,Golden State Warriors,41,23,46.3,91,92,Away
Golden State Warriors,Miami Heat,42,22,48.5,107,93,Home
Golden State Warriors,Milwaukee Bucks,50,25,47.9,101,102,Away
Chicago Bulls,Los Angeles Lakers,43,20,46.2,100,103,Away
Los Angeles Lakers,Phoenix Suns,41,30,46.9,101,112,Away
Brooklyn Nets,Golden State Warriors,38,25,40.8,82,108,Away
Los Angeles Lakers,Milwaukee Bucks,47,25,46.6,106,95,Home
Brooklyn Nets,Miami Heat,40,23,48.3,114,90,Home
Chicago Bulls,Golden State Warriors,44,22,43.6,104,114,Away
Phoenix Suns,Milwaukee Bucks,48,23,46.5,111,114,Away
Milwaukee Bucks,Chicago Bulls,43,25,45.3,97,110,Away
Los Angeles Lakers,Chicago Bulls,49,25,49.4,118,98,Home
Boston Celtics,Miami Heat,46,31,48.4,127,84,Home
Chicago Bulls,Boston Celtics,46,24,44.6,102,91,Home
Milwaukee Bucks,Golden State Warriors,44,27,51.8,119,100,Home
Brooklyn Nets,Chicago Bulls,41,27,46.5,102,107,Away
Miami Heat,Los Angeles Lakers,44,27,44.7,100,102,Away
Golden State Warriors,Brooklyn Nets,38,26,48.4,114,102,Home
Golden State Warriors,Boston Celtics,39,24,46.8,103,106,Away
Miami Heat,Milwaukee Bucks,45,30,46.9,111,106,Home
Milwaukee Bucks,Chicago Bulls,37,26,48.3,134,101,Home
Los Angeles Lakers,Miami Heat,45,25,44.0,113,111,Home
Chicago Bulls,Los Angeles Lakers,46,21,48.8,101,110,Away
Milwaukee Bucks,Chicago Bulls,53,23,46.7,111,99,Home
Miami Heat,Milwaukee Bucks,37,25,43.8,105,99,Home
Brooklyn Nets,Miami Heat,49,22,44.9,109,95,Home
Golden State Warriors,Los Angeles Lakers,45,29,43.7,103,107,Away
Brooklyn Nets,Chicago Bulls,46,20,42.4,100,105,Away
Milwaukee Bucks,Los Angeles Lakers,46,27,46.4,111,107,Home
Brooklyn Nets,Chicago Bulls,40,29,46.9,98,108,Away
Golden State Warriors,Brooklyn Nets,40,28,50.6,113,111,Home
Milwaukee Bucks,Brooklyn Nets,46,28,52.8,123,97,Home
Miami Heat,Golden State Warriors,40,22,46.3,110,108,Home
Miami Heat,Boston Celtics,47,25,50.1,114,129,Away
Brooklyn Nets,Miami Heat,46,21,43.0,102,103,Away
Milwaukee Bucks,Miami Heat,47,27,47.9,106,92,Home
Golden State Warriors,Milwaukee Bucks,42,28,48.2,103,108,Away
Boston Celtics,Milwaukee Bucks,46,23,48.9,116,97,Home
Brooklyn Nets,Golden State Warriors,44,26,48.4,120,95,Home
Phoenix Suns,Brooklyn Nets,40,27,48.6,118,134,Away
Milwaukee Bucks,Miami Heat,47,29,50.5,125,102,Home
Brooklyn Nets,Miami Heat,46,22,45.1,99,105,Away
Miami Heat,Chicago Bulls,53,19,48.2,99,101,Away
Brooklyn Nets,Chicago Bulls,47,24,43.0,92,108,Away
Los Angeles Lakers,Chicago Bulls,41,25,47.0,104,120,Away
Miami Heat,Brooklyn Nets,46,18,47.0,103,110,Away
Milwaukee Bucks,Los Angeles Lakers,41,25,49.4,124,95,Home
Brooklyn Nets,Milwaukee Bucks,42,22,44.1,115,110,Home
Miami Heat,Golden State Warriors,38,27,51.8,129,94,Home
Phoenix Suns,Brooklyn Nets,42,29,45.5,110,117,Away
Boston Celtics,Phoenix Suns,41,26,40.4,87,103,Away
Boston Celtics,Golden State Warriors,40,31,44.9,102,107,Away
Milwaukee Bucks,Miami Heat,50,21,51.0,121,97,Home
Chicago Bulls,Milwaukee Bucks,45,24,43.8,100,103,Away
Chicago Bulls,Boston Celtics,43,26,49.3,103,124,Away
Brooklyn Nets,Golden State Warriors,35,23,47.2,110,101,Home
Phoenix Suns,Los Angeles Lakers,43,24,45.8,114,108,Home
Los Angeles Lakers,Chicago Bulls,41,27,47.7,118,108,Home
Golden State Warriors,Phoenix Suns,41,24,49.6,122,105,Home
Boston Celtics,Chicago Bulls,45,30,47.0,116,101,Home
Chicago Bulls,Milwaukee Bucks,42,27,47.4,115,117,Away
Golden State Warriors,Brooklyn Nets,44,27,46.9,113,102,Home
Chicago Bulls,Milwaukee Bucks,43,25,43.3,115,98,Home
Phoenix Suns,Milwaukee Bucks,39,29,49.3,120,112,Home
Milwaukee Bucks,Phoenix Suns,44,23,48.3,109,113,Away
Los Angeles Lakers,Miami Heat,43,22,46.1,110,100,Home
Golden State Warriors,Miami Heat,41,26,48.3,109,101,Home
Milwaukee Bucks,Chicago Bulls,45,21,44.6,99,101,Away
Miami Heat,Los Angeles Lakers,45,29,48.6,111,105,Home
Milwaukee Bucks,Brooklyn Nets,40,26,47.4,114,97,Home
Boston Celtics,Brooklyn Nets,47,31,48.2,117,109,Home
Los Angeles Lakers,Miami Heat,42,25,46.9,110,98,Home
Milwaukee Bucks,Phoenix Suns,45,27,51.7,130,123,Home
Boston Celtics,Milwaukee Bucks,42,29,49.0,134,100,Home
Golden State Warriors,Chicago Bulls,41,24,42.4,95,97,Away
Milwaukee Bucks,Chicago Bulls,45,27,52.8,133,98,Home
Brooklyn Nets,Golden State Warriors,39,25,42.4,111,115,Away
Miami Heat,Chicago Bulls,42,19,49.9,115,113,Home
Boston Celtics,Milwaukee Bucks,38,24,48.5,115,103,Home
Los Angeles Lakers,Milwaukee Bucks,46,22,46.5,109,111,Away
Miami Heat,Brooklyn Nets,46,21,42.7,108,106,Home
Los Angeles Lakers,Phoenix Suns,41,29,47.2,119,106,Home
Miami Heat,Chicago Bulls,52,30,45.9,114,108,Home
Milwaukee Bucks,Golden State Warriors,50,23,49.8,126,92,Home
Los Angeles Lakers,Golden State Warriors,39,19,46.2,113,118,Away
Golden State Warriors,Los Angeles Lakers,45,30,44.2,90,105,Away
Phoenix Suns,Chicago Bulls,46,25,42.1,97,93,Home
Golden State Warriors,Chicago Bulls,47,26,45.4,102,95,Home
Boston Celtics,Golden State Warriors,44,29,46.0,113,102,Home
Phoenix Suns,Milwaukee Bucks,41,25,44.7,100,97,Home
Boston Celtics,Phoenix Suns,53,26,46.8,112,105,Home
Chicago Bulls,Golden State Warriors,42,25,47.2,104,101,Home
Brooklyn Nets,Miami Heat,42,17,41.9,106,118,Away
Milwaukee Bucks,Brooklyn Nets,44,27,48.9,140,112,Home
Miami Heat,Brooklyn Nets,43,22,42.5,99,97,Home
Phoenix Suns,Los Angeles Lakers,38,23,44.6,117,112,Home
Brooklyn Nets,Golden State Warriors,43,28,45.9,98,118,Away
Golden State Warriors,Boston Celtics,46,22,47.2,104,96,Home
Los Angeles Lakers,Milwaukee Bucks,47,31,43.4,105,101,Home
Brooklyn Nets,Milwaukee Bucks,41,22,43.5,99,100,Away
Brooklyn Nets,Los Angeles Lakers,44,24,45.1,96,100,Away
Golden State Warriors,Miami Heat,47,27,45.3,107,111,Away
Los Angeles Lakers,Golden State Warriors,37,26,45.2,109,100,Home
Golden State Warriors,Los Angeles Lakers,37,21,47.8,114,98,Home
Miami Heat,Los Angeles Lakers,46,20,46.3,97,100,Away
Brooklyn Nets,Boston Celtics,43,21,44.7,110,102,Home
Phoenix Suns,Golden State Warriors,47,22,48.6,125,86,Home
Boston Celtics,Miami Heat,42,28,48.0,117,100,Home
Phoenix Suns,Golden State Warriors,44,25,50.2,120,109,Home
Phoenix Suns,Chicago Bulls,42,24,46.2,111,100,Home
Chicago Bulls,Golden State Warriors,44,30,47.5,106,116,Away
Golden State Warriors,Los Angeles Lakers,43,19,45.2,91,102,Away
Chicago Bulls,Boston Celtics,43,29,46.1,103,114,Away
Chicago Bulls,Brooklyn Nets,34,24,47.2,96,113,Away
Phoenix Suns,Chicago Bulls,45,24,48.9,133,104,Home
Los Angeles Lakers,Miami Heat,45,23,44.8,110,98,Home
Golden State Warriors,Los Angeles Lakers,45,24,48.9,118,113,Home
Chicago Bulls,Miami Heat,41,23,42.9,93,108,Away
Miami Heat,Chicago Bulls,47,22,48.7,124,106,Home
Golden State Warriors,Phoenix Suns,52,23,44.6,90,117,Away
Brooklyn Nets,Golden State Warriors,46,24,46.4,97,126,Away
Phoenix Suns,Golden State Warriors,45,25,49.1,119,108,Home
Chicago Bulls,Golden State Warriors,40,25,50.0,126,119,Home
Milwaukee Bucks,Brooklyn Nets,42,23,47.8,113,112,Home
Brooklyn Nets,Chicago Bulls,36,28,45.3,100,95,Home
Golden State Warriors,Brooklyn Nets,38,28,47.9,102,93,Home
Golden State Warriors,Los Angeles Lakers,43,30,47.1,98,103,Away
Los Angeles Lakers,Phoenix Suns,43,17,46.8,107,111,Away
Brooklyn Nets,Golden State Warriors,50,27,45.0,94,127,Away
Chicago Bulls,Brooklyn Nets,43,24,45.2,104,102,Home
Phoenix Suns,Golden State Warriors,42,23,47.2,106,100,Home
Chicago Bulls,Los Angeles Lakers,43,23,49.1,91,114,Away
Boston Celtics,Brooklyn Nets,50,20,47.6,110,92,Home
Los Angeles Lakers,Brooklyn Nets,41,21,51.3,127,114,Home
Milwaukee Bucks,Chicago Bulls,47,22,46.8,114,93,Home
Phoenix Suns,Boston Celtics,47,24,46.4,114,111,Home
Chicago Bulls,Miami Heat,41,27,42.6,101,109,Away
Phoenix Suns,Golden State Warriors,43,26,44.2,110,105,Home
Brooklyn Nets,Boston Celtics,41,27,43.9,89,95,Away
Brooklyn Nets,Los Angeles Lakers,45,20,50.1,99,119,Away
Los Angeles Lakers,Miami Heat,45,25,45.5,109,104,Home
Miami Heat,Los Angeles Lakers,48,25,46.9,106,105,Home
Los Angeles Lakers,Milwaukee Bucks,45,20,43.5,106,108,Away
Phoenix Suns,Milwaukee Bucks,43,25,48.2,108,100,Home
Boston Celtics,Los Angeles Lakers,46,23,49.5,104,113,Away
Golden State Warriors,Chicago Bulls,46,26,50.2,132,111,Home
Boston Celtics,Los Angeles Lakers,37,22,46.9,111,109,Home
Golden State Warriors,Miami Heat,41,26,45.8,102,93,Home
Brooklyn Nets,Phoenix Suns,39,20,43.3,107,98,Home
Golden State Warriors,Milwaukee Bucks,55,27,48.2,106,112,Away
Brooklyn Nets,Milwaukee Bucks,41,24,52.1,120,116,Home
Los Angeles Lakers,Milwaukee Bucks,41,25,51.3,115,121,Away
Golden State Warriors,Brooklyn Nets,47,24,49.3,124,108,Home
Miami Heat,Boston Celtics,37,22,45.9,105,112,Away
Brooklyn Nets,Miami Heat,44,20,46.7,112,109,Home
Miami Heat,Golden State Warriors,48,27,47.6,110,93,Home
Milwaukee Bucks,Brooklyn Nets,46,26,48.8,105,95,Home
Boston Celtics,Miami Heat,49,26,50.2,119,105,Home
Milwaukee Bucks,Brooklyn Nets,48,24,48.3,110,100,Home
Miami Heat,Chicago Bulls,42,25,45.3,115,96,Home
Golden State Warriors,Los Angeles Lakers,44,24,51.3,123,113,Home
Phoenix Suns,Milwaukee Bucks,38,26,49.5,117,115,Home
Golden State Warriors,Los Angeles Lakers,42,30,53.4,123,101,Home
Brooklyn Nets,Milwaukee Bucks,49,29,44.4,98,104,Away
Milwaukee Bucks,Golden State Warriors,39,23,45.6,101,106,Away
Miami Heat,Los Angeles Lakers,44,29,44.0,109,103,Home
Brooklyn Nets,Boston Celtics,43,26,42.9,101,108,Away
Milwaukee Bucks,Golden State Warriors,46,27,54.2,124,102,Home
Phoenix Suns,Chicago Bulls,42,23,45.7,116,114,Home
Milwaukee Bucks,Phoenix Suns,42,23,49.3,112,111,Home
Los Angeles Lakers,Miami Heat,45,20,50.8,133,100,Home
Milwaukee Bucks,Miami Heat,43,27,48.9,124,121,Home
Milwaukee Bucks,Los Angeles Lakers,44,23,44.7,99,105,Away
Golden State Warriors,Miami Heat,51,24,48.3,113,114,Away
Boston Celtics,Phoenix Suns,55,24,47.3,120,111,Home
Milwaukee Bucks,Phoenix Suns,52,27,47.2,116,114,Home
Brooklyn Nets,Miami Heat,46,25,48.4,121,116,Home
Miami Heat,Golden State Warriors,46,24,46.9,118,99,Home
Milwaukee Bucks,Phoenix Suns,46,25,48.2,124,107,Home
Phoenix Suns,Boston Celtics,44,21,49.2,120,124,Away
Los Angeles Lakers,Phoenix Suns,43,25,47.5,123,105,Home
Chicago Bulls,Phoenix Suns,44,25,45.8,101,107,Away
Milwaukee Bucks,Los Angeles Lakers,49,23,48.4,109,115,Away
Los Angeles Lakers,Boston Celtics,38,23,47.8,124,106,Home
Boston Celtics,Miami Heat,43,32,44.9,88,108,Away
Milwaukee Bucks,Golden State Warriors,42,23,49.9,120,101,Home
Phoenix Suns,Milwaukee Bucks,39,28,48.9,114,121,Away
Chicago Bulls,Milwaukee Bucks,38,19,43.6,98,108,Away
Los Angeles Lakers,Phoenix Suns,43,26,43.8,113,105,Home
Golden State Warriors,Miami Heat,49,26,48.8,119,108,Home
Boston Celtics,Milwaukee Bucks,47,30,49.0,122,106,Home
Los Angeles Lakers,Chicago Bulls,50,23,51.4,120,92,Home
Miami Heat,Milwaukee Bucks,44,22,48.6,108,103,Home
Boston Celtics,Brooklyn Nets,37,25,42.4,87,110,Away
Boston Celtics,Los Angeles Lakers,48,27,46.1,109,105,Home
Milwaukee Bucks,Boston Celtics,40,30,50.3,117,107,Home
Los Angeles Lakers,Boston Celtics,45,19,46.3,102,99,Home
Brooklyn Nets,Miami Heat,42,29,47.3,104,109,Away
Brooklyn Nets,Miami Heat,49,27,45.8,100,110,Away
Golden State Warriors,Boston Celtics,46,28,49.3,124,103,Home
Chicago Bulls,Milwaukee Bucks,48,24,50.5,110,120,Away
Boston Celtics,Golden State Warriors,46,24,47.3,109,112,Away
Chicago Bulls,Los Angeles Lakers,45,22,45.2,120,119,Home
Boston Celtics,Miami Heat,46,26,48.8,121,96,Home
Miami Heat,Chicago Bulls,42,19,47.5,115,99,Home
Chicago Bulls,Phoenix Suns,49,20,41.6,96,114,Away
Brooklyn Nets,Boston Celtics,50,23,48.4,111,106,Home
Boston Celtics,Chicago Bulls,48,28,44.6,117,114,Home
Golden State Warriors,Brooklyn Nets,42,27,48.9,117,99,Home
Los Angeles Lakers,Chicago Bulls,41,25,49.8,121,100,Home
Phoenix Suns,Golden State Warriors,47,17,50.2,104,103,Home
Brooklyn Nets,Chicago Bulls,39,20,48.6,108,106,Home
Phoenix Suns,Boston Celtics,44,27,47.5,101,115,Away
Milwaukee Bucks,Chicago Bulls,43,21,47.0,123,110,Home
Brooklyn Nets,Golden State Warriors,42,23,44.9,119,109,Home
Los Angeles Lakers,Miami Heat,45,28,47.5,108,103,Home
Brooklyn Nets,Phoenix Suns,43,24,47.5,109,111,Away
Miami Heat,Boston Celtics,43,25,41.5,102,110,Away
Golden State Warriors,Chicago Bulls,48,17,52.9,124,112,Home
Milwaukee Bucks,Boston Celtics,40,28,45.5,102,122,Away
Chicago Bulls,Miami Heat,42,24,47.5,112,106,Home
Miami Heat,Los Angeles Lakers,45,32,46.4,109,113,Away
Golden State Warriors,Boston Celtics,49,29,49.3,107,120,Away
Boston Celtics,Milwaukee Bucks,40,27,46.6,110,109,Home
Milwaukee Bucks,Los Angeles Lakers,46,27,52.1,127,103,Home
Golden State Warriors,Milwaukee Bucks,48,29,44.6,109,112,Away
Chicago Bulls,Boston Celtics,42,28,44.9,103,106,Away
Miami Heat,Brooklyn Nets,44,21,42.9,111,97,Home
Golden State Warriors,Brooklyn Nets,40,19,46.1,97,117,Away
Brooklyn Nets,Boston Celtics,47,22,51.3,126,104,Home
Los Angeles Lakers,Miami Heat,34,32,43.4,87,113,Away
Chicago Bulls,Los Angeles Lakers,53,28,46.7,111,112,Away
Brooklyn Nets,Boston Celtics,46,25,46.0,105,101,Home
Chicago Bulls,Los Angeles Lakers,42,19,45.1,95,96,Away
Miami Heat,Milwaukee Bucks,44,29,48.8,101,99,Home
Miami Heat,Phoenix Suns,47,22,45.9,110,98,Home
Golden State Warriors,Miami Heat,45,21,46.2,111,92,Home
Milwaukee Bucks,Phoenix Suns,46,26,49.5,119,116,Home
Milwaukee Bucks,Miami Heat,45,24,48.4,119,105,Home
Chicago Bulls,Boston Celtics,43,21,43.6,88,121,Away
Chicago Bulls,Miami Heat,38,22,43.5,106,102,Home
Milwaukee Bucks,Phoenix Suns,49,24,48.8,109,123,Away
Boston Celtics,Golden State Warriors,40,27,50.1,122,105,Home
Chicago Bulls,Miami Heat,42,24,44.9,110,122,Away
Chicago Bulls,Miami Heat,41,19,45.1,123,98,Home
Boston Celtics,Milwaukee Bucks,51,31,47.1,116,120,Away
Milwaukee Bucks,Brooklyn Nets,43,25,46.6,102,98,Home
Los Angeles Lakers,Boston Celtics,39,25,45.0,106,95,Home
Milwaukee Bucks,Golden State Warriors,46,28,43.1,104,116,Away
Chicago Bulls,Phoenix Suns,38,29,46.3,100,105,Away
Miami Heat,Brooklyn Nets,46,25,47.8,103,105,Away
Phoenix Suns,Brooklyn Nets,38,25,45.0,99,113,Away
Brooklyn Nets,Milwaukee Bucks,47,26,43.0,95,116,Away
Phoenix Suns,Chicago Bulls,45,32,48.3,115,101,Home
Boston Celtics,Miami Heat,45,26,50.3,127,98,Home
Golden State Warriors,Boston Celtics,39,20,49.0,106,90,Home
Miami Heat,Los Angeles Lakers,45,32,46.5,114,106,Home
Brooklyn Nets,Miami Heat,43,27,45.0,105,107,Away
Milwaukee Bucks,Golden State Warriors,42,29,47.7,106,110,Away
Brooklyn Nets,Golden State Warriors,39,24,45.7,113,110,Home
Los Angeles Lakers,Phoenix Suns,44,27,50.4,122,106,Home
Brooklyn Nets,Phoenix Suns,38,21,44.9,98,104,Away
Golden State Warriors,Brooklyn Nets,44,27,47.5,115,104,Home
Chicago Bulls,Miami Heat,35,21,44.9,92,109,Away
Brooklyn Nets,Miami Heat,49,28,45.2,115,106,Home
Chicago Bulls,Brooklyn Nets,41,22,44.5,98,105,Away
Chicago Bulls,Golden State Warriors,43,24,46.4,115,114,Home
Boston Celtics,Miami Heat,39,18,50.8,110,103,Home
Los Angeles Lakers,Chicago Bulls,39,19,48.3,119,98,Home
Golden State Warriors,Chicago Bulls,34,24,48.7,103,104,Away
Chicago Bulls,Golden State Warriors,43,25,45.6,96,116,Away
Boston Celtics,Chicago Bulls,44,26,46.2,106,96,Home
Phoenix Suns,Los Angeles Lakers,43,30,43.9,89,117,Away
Brooklyn Nets,Chicago Bulls,42,22,48.3,106,118,Away
Golden State Warriors,Brooklyn Nets,47,24,53.1,121,109,Home
Boston Celtics,Chicago Bulls,46,30,52.4,125,97,Home
Phoenix Suns,Miami Heat,46,23,52.3,124,102,Home
Miami Heat,Chicago Bulls,44,20,44.1,111,98,Home
Phoenix Suns,Milwaukee Bucks,40,27,50.3,124,114,Home
Chicago Bulls,Phoenix Suns,40,19,49.1,110,103,Home
Phoenix Suns,Golden State Warriors,49,27,48.4,131,101,Home
Phoenix Suns,Brooklyn Nets,48,25,48.0,124,108,Home
Milwaukee Bucks,Chicago Bulls,47,29,47.2,105,95,Home
Brooklyn Nets,Chicago Bulls,35,30,42.9,96,101,Away
Milwaukee Bucks,Chicago Bulls,46,28,50.3,114,102,Home
Phoenix Suns,Miami Heat,45,24,51.3,124,110,Home
Brooklyn Nets,Boston Celtics,46,27,46.2,95,110,Away
Phoenix Suns,Los Angeles Lakers,41,24,48.8,124,105,Home
Milwaukee Bucks,Golden State Warriors,46,31,48.7,136,111,Home
Milwaukee Bucks,Boston Celtics,37,28,49.1,126,112,Home
Miami Heat,Milwaukee Bucks,43,21,46.0,99,102,Away
Golden State Warriors,Phoenix Suns,47,30,48.7,105,109,Away
Boston Celtics,Golden State Warriors,50,24,48.2,114,100,Home
Chicago Bulls,Miami Heat,45,23,46.3,98,101,Away
Boston Celtics,Miami Heat,48,25,52.8,123,106,Home
Brooklyn Nets,Los Angeles Lakers,47,20,41.3,81,115,Away
Chicago Bulls,Brooklyn Nets,41,31,43.9,101,116,Away
Miami Heat,Milwaukee Bucks,52,31,49.5,123,111,Home
Phoenix Suns,Brooklyn Nets,47,23,45.3,105,102,Home
Los Angeles Lakers,Golden State Warriors,42,27,49.3,116,118,Away
Chicago Bulls,Brooklyn Nets,38,23,43.5,84,103,Away
Los Angeles Lakers,Chicago Bulls,43,29,48.5,105,118,Away
Chicago Bulls,Brooklyn Nets,48,25,44.7,94,101,Away
Los Angeles Lakers,Boston Celtics,48,30,50.8,115,98,Home
Milwaukee Bucks,Chicago Bulls,45,20,48.9,114,99,Home
Chicago Bulls,Phoenix Suns,36,25,44.0,90,83,Home
Chicago Bulls,Milwaukee Bucks,43,29,49.5,110,102,Home
Brooklyn Nets,Phoenix Suns,45,21,46.5,113,115,Away
Brooklyn Nets,Boston Celtics,43,23,43.5,92,105,Away
Chicago Bulls,Brooklyn Nets,44,26,43.3,110,101,Home
Los Angeles Lakers,Brooklyn Nets,44,23,40.8,101,109,Away
Miami Heat,Phoenix Suns,42,25,47.8,98,101,Away
Chicago Bulls,Miami Heat,46,20,46.0,94,108,Away
Boston Celtics,Chicago Bulls,45,21,51.4,116,97,Home
Phoenix Suns,Golden State Warriors,45,29,44.8,105,109,Away
Los Angeles Lakers,Brooklyn Nets,47,25,46.0,100,104,Away
Los Angeles Lakers,Phoenix Suns,39,16,48.0,119,87,Home
Chicago Bulls,Golden State Warriors,39,25,50.4,116,100,Home
Phoenix Suns,Golden State Warriors,43,29,45.7,100,102,Away
Los Angeles Lakers,Boston Celtics,40,25,51.0,122,105,Home
Chicago Bulls,Boston Celtics,42,19,47.5,108,106,Home
Brooklyn Nets,Phoenix Suns,56,25,43.8,96,115,Away
Miami Heat,Boston Celtics,44,20,48.8,108,122,Away
Chicago Bulls,Boston Celtics,47,22,48.5,112,114,Away
Chicago Bulls,Boston Celtics,45,21,43.7,107,104,Home
Golden State Warriors,Brooklyn Nets,43,23,48.8,131,95,Home
Los Angeles Lakers,Miami Heat,44,29,46.7,112,96,Home
Los Angeles Lakers,Boston Celtics,45,24,49.4,125,128,Away
Brooklyn Nets,Miami Heat,45,25,46.2,103,107,Away
Golden State Warriors,Chicago Bulls,43,26,51.0,112,114,Away
Los Angeles Lakers,Golden State Warriors,49,24,41.6,91,116,Away
Brooklyn Nets,Chicago Bulls,43,21,44.4,108,107,Home
Los Angeles Lakers,Milwaukee Bucks,43,24,45.9,99,119,Away
Boston Celtics,Golden State Warriors,43,30,52.3,132,103,Home
Boston Celtics,Brooklyn Nets,46,26,46.2,112,94,Home
Golden State Warriors,Milwaukee Bucks,49,24,48.2,116,104,Home
Brooklyn Nets,Phoenix Suns,45,22,47.9,99,107,Away
Milwaukee Bucks,Chicago Bulls,52,23,46.4,113,104,Home
Miami Heat,Golden State Warriors,45,26,48.1,120,109,Home
Golden State Warriors,Chicago Bulls,43,27,52.4,123,95,Home
Boston Celtics,Phoenix Suns,49,26,43.1,108,101,Home
Golden State Warriors,Milwaukee Bucks,44,26,48.2,119,103,Home
Los Angeles Lakers,Boston Celtics,46,24,48.7,118,100,Home
Chicago Bulls,Brooklyn Nets,47,22,47.3,111,118,Away
Brooklyn Nets,Los Angeles Lakers,42,23,45.7,102,111,Away
Brooklyn Nets,Los Angeles Lakers,37,21,43.0,105,119,Away
Milwaukee Bucks,Chicago Bulls,44,25,48.3,123,96,Home
Golden State Warriors,Chicago Bulls,45,28,49.0,117,111,Home
Los Angeles Lakers,Boston Celtics,33,27,45.3,90,111,Away
Chicago Bulls,Miami Heat,48,23,47.7,122,115,Home
Miami Heat,Los Angeles Lakers,50,27,46.7,95,103,Away
Miami Heat,Los Angeles Lakers,40,31,46.1,107,109,Away
Chicago Bulls,Phoenix Suns,43,29,43.7,101,100,Home
Phoenix Suns,Los Angeles Lakers,39,23,47.2,107,99,Home
Chicago Bulls,Boston Celtics,37,23,41.5,100,108,Away
Phoenix Suns,Miami Heat,38,24,45.4,108,115,Away
Boston Celtics,Brooklyn Nets,37,26,48.1,119,105,Home
Boston Celtics,Miami Heat,42,25,46.5,119,105,Home
Milwaukee Bucks,Phoenix Suns,52,26,46.3,97,91,Home
Phoenix Suns,Brooklyn Nets,38,26,48.6,101,111,Away
Chicago Bulls,Phoenix Suns,41,24,49.3,120,103,Home
Milwaukee Bucks,Boston Celtics,41,19,46.3,107,99,Home
Brooklyn Nets,Chicago Bulls,42,24,45.1,98,104,Away
Golden State Warriors,Boston Celtics,46,22,51.2,120,107,Home
Phoenix Suns,Golden State Warriors,47,26,49.7,119,101,Home
Phoenix Suns,Milwaukee Bucks,45,22,47.6,111,105,Home
Chicago Bulls,Boston Celtics,42,18,43.9,100,108,Away
Los Angeles Lakers,Brooklyn Nets,40,29,44.7,111,107,Home
Miami Heat,Golden State Warriors,41,30,43.5,107,114,Away
Phoenix Suns,Golden State Warriors,41,29,46.7,111,108,Home
Miami Heat,Chicago Bulls,43,27,48.5,99,113,Away
Milwaukee Bucks,Boston Celtics,38,29,50.9,112,104,Home
Milwaukee Bucks,Phoenix Suns,40,25,47.3,118,116,Home
Milwaukee Bucks,Phoenix Suns,50,24,47.6,102,99,Home
Golden State Warriors,Phoenix Suns,48,30,44.6,100,105,Away
Chicago Bulls,Brooklyn Nets,44,21,46.4,102,103,Away
Brooklyn Nets,Miami Heat,45,24,44.6,101,104,Away
Phoenix Suns,Miami Heat,43,24,51.3,125,102,Home
Phoenix Suns,Brooklyn Nets,47,24,50.2,121,103,Home
Los Angeles Lakers,Phoenix Suns,46,20,44.1,92,107,Away
Milwaukee Bucks,Golden State Warriors,51,32,49.7,122,92,Home
Chicago Bulls,Miami Heat,41,21,43.7,98,101,Away
Brooklyn Nets,Boston Celtics,35,26,43.0,100,124,Away
Miami Heat,Brooklyn Nets,40,17,45.8,115,119,Away
Miami Heat,Brooklyn Nets,39,26,45.3,104,125,Away
Miami Heat,Boston Celtics,37,25,47.7,119,108,Home
Phoenix Suns,Boston Celtics,45,24,48.0,110,112,Away
Milwaukee Bucks,Boston Celtics,43,27,48.0,122,107,Home
Brooklyn Nets,Los Angeles Lakers,36,28,43.4,94,100,Away
Brooklyn Nets,Boston Celtics,48,17,53.5,132,109,Home
Golden State Warriors,Miami Heat,44,26,49.0,120,109,Home
Boston Celtics,Golden State Warriors,45,25,48.1,112,115,Away
Brooklyn Nets,Miami Heat,45,15,47.3,110,104,Home
Phoenix Suns,Boston Celtics,42,28,49.7,110,115,Away
Golden State Warriors,Chicago Bulls,40,21,46.1,115,111,Home
Brooklyn Nets,Boston Celtics,45,26,47.0,103,110,Away
Brooklyn Nets,Boston Celtics,46,26,48.7,118,110,Home
Boston Celtics,Phoenix Suns,49,26,46.3,108,100,Home
Los Angeles Lakers,Miami Heat,41,24,44.9,102,89,Home
Boston Celtics,Phoenix Suns,46,26,46.5,115,113,Home
Los Angeles Lakers,Phoenix Suns,37,23,45.0,97,112,Away
Milwaukee Bucks,Miami Heat,44,25,43.1,106,95,Home
Boston Celtics,Miami Heat,45,27,51.9,113,80,Home
Phoenix Suns,Los Angeles Lakers,45,31,50.4,120,101,Home
Los Angeles Lakers,Milwaukee Bucks,47,22,48.1,116,115,Home
Milwaukee Bucks,Brooklyn Nets,56,27,46.8,110,89,Home
Phoenix Suns,Brooklyn Nets,41,24,46.0,108,97,Home
Miami Heat,Golden State Warriors,48,25,46.5,105,107,Away
Los Angeles Lakers,Boston Celtics,47,22,45.3,103,96,Home
Phoenix Suns,Los Angeles Lakers,41,24,49.5,118,107,Home
Golden State Warriors,Brooklyn Nets,48,25,48.7,114,106,Home
Phoenix Suns,Los Angeles Lakers,42,18,47.0,121,112,Home
Los Angeles Lakers,Golden State Warriors,48,29,47.1,111,101,Home
Boston Celtics,Chicago Bulls,43,28,51.5,121,99,Home
Milwaukee Bucks,Los Angeles Lakers,45,28,44.5,86,101,Away
Brooklyn Nets,Los Angeles Lakers,38,22,45.3,100,117,Away
Chicago Bulls,Milwaukee Bucks,44,25,46.9,98,115,Away
Brooklyn Nets,Chicago Bulls,43,26,43.0,85,110,Away
Chicago Bulls,Brooklyn Nets,44,21,43.1,107,94,Home
Phoenix Suns,Boston Celtics,51,22,48.9,112,119,Away
Milwaukee Bucks,Phoenix Suns,42,25,48.2,106,111,Away
Los Angeles Lakers,Milwaukee Bucks,42,24,44.4,82,105,Away
Golden State Warriors,Chicago Bulls,54,28,47.7,110,103,Home
Brooklyn Nets,Miami Heat,45,20,48.5,117,110,Home
Brooklyn Nets,Boston Celtics,45,24,47.4,113,104,Home
Golden State Warriors,Phoenix Suns,42,26,51.6,112,94,Home
Brooklyn Nets,Golden State Warriors,44,24,46.1,107,104,Home
Golden State Warriors,Phoenix Suns,50,21,45.6,106,92,Home
Los Angeles Lakers,Brooklyn Nets,43,30,47.0,111,93,Home
Phoenix Suns,Miami Heat,42,24,46.5,119,109,Home
Phoenix Suns,Boston Celtics,40,26,48.5,123,120,Home
Los Angeles Lakers,Golden State Warriors,40,22,43.8,99,110,Away
Milwaukee Bucks,Miami Heat,48,25,47.3,113,98,Home
Milwaukee Bucks,Miami Heat,53,21,48.6,131,105,Home
Phoenix Suns,Los Angeles Lakers,43,24,46.8,120,87,Home
Brooklyn Nets,Boston Celtics,49,20,45.0,99,112,Away
Brooklyn Nets,Phoenix Suns,37,25,50.8,106,107,Away
Golden State Warriors,Milwaukee Bucks,42,27,47.7,107,110,Away
Brooklyn Nets,Miami Heat,50,23,47.5,99,97,Home
Boston Celtics,Phoenix Suns,47,30,49.4,115,105,Home
Boston Celtics,Los Angeles Lakers,40,28,50.7,117,101,Home
Los Angeles Lakers,Golden State Warriors,45,23,46.7,125,104,Home
Milwaukee Bucks,Phoenix Suns,43,24,50.0,117,100,Home
Milwaukee Bucks,Brooklyn Nets,50,30,46.6,95,112,Away
Golden State Warriors,Brooklyn Nets,42,28,42.8,107,94,Home
Milwaukee Bucks,Miami Heat,47,26,45.7,104,110,Away
Chicago Bulls,Boston Celtics,43,25,50.2,103,120,Away
Phoenix Suns,Brooklyn Nets,44,22,44.0,101,111,Away
Golden State Warriors,Milwaukee Bucks,44,30,44.1,103,96,Home
Los Angeles Lakers,Brooklyn Nets,45,27,45.8,85,105,Away
Miami Heat,Milwaukee Bucks,45,26,49.6,107,112,Away
Milwaukee Bucks,Los Angeles Lakers,49,20,48.9,111,104,Home
Golden State Warriors,Phoenix Suns,46,24,46.0,108,97,Home
Los Angeles Lakers,Chicago Bulls,39,27,44.0,107,112,Away
Los Angeles Lakers,Chicago Bulls,37,23,49.9,109,99,Home
Boston Celtics,Brooklyn Nets,47,28,47.9,109,115,Away
Phoenix Suns,Boston Celtics,51,28,47.5,105,100,Home
Boston Celtics,Milwaukee Bucks,47,27,52.0,129,94,Home
Chicago Bulls,Miami Heat,47,21,44.3,103,120,Away
Phoenix Suns,Los Angeles Lakers,56,27,46.8,114,112,Home
Phoenix Suns,Boston Celtics,43,30,47.9,116,112,Home
Chicago Bulls,Boston Celtics,44,26,43.8,95,98,Away
Miami Heat,Phoenix Suns,45,27,47.6,124,105,Home
Golden State Warriors,Chicago Bulls,47,22,46.7,115,110,Home
Boston Celtics,Phoenix Suns,44,26,44.7,103,113,Away
Chicago Bulls,Miami Heat,45,25,45.4,103,99,Home
Phoenix Suns,Boston Celtics,47,26,48.5,109,90,Home
Chicago Bulls,Phoenix Suns,47,22,43.1,103,102,Home
Los Angeles Lakers,Brooklyn Nets,48,27,48.6,102,113,Away
Golden State Warriors,Boston Celtics,45,24,48.1,99,110,Away
Milwaukee Bucks,Boston Celtics,40,22,44.3,113,102,Home
Golden State Warriors,Chicago Bulls,50,24,43.4,92,113,Away
Chicago Bulls,Phoenix Suns,42,22,45.7,108,114,Away
Los Angeles Lakers,Miami Heat,50,24,43.6,97,107,Away
Phoenix Suns,Brooklyn Nets,40,22,48.2,112,104,Home
Los Angeles Lakers,Golden State Warriors,41,24,44.6,110,114,Away
Miami Heat,Milwaukee Bucks,36,22,42.8,93,106,Away
Phoenix Suns,Miami Heat,38,22,44.8,106,105,Home
Phoenix Suns,Chicago Bulls,41,26,45.9,105,116,Away
Los Angeles Lakers,Golden State Warriors,49,21,49.0,121,97,Home
Milwaukee Bucks,Phoenix Suns,48,30,45.3,99,114,Away
Boston Celtics,Phoenix Suns,46,28,49.4,120,95,Home
Phoenix Suns,Miami Heat,48,29,46.7,109,92,Home
Phoenix Suns,Los Angeles Lakers,46,27,47.1,119,102,Home
Los Angeles Lakers,Miami Heat,46,22,46.8,107,106,Home
Brooklyn Nets,Miami Heat,42,24,47.8,106,92,Home
Boston Celtics,Phoenix Suns,52,30,45.3,113,101,Home
Los Angeles Lakers,Milwaukee Bucks,45,26,46.3,104,101,Home
Golden State Warriors,Brooklyn Nets,41,23,47.5,106,109,Away
Golden State Warriors,Miami Heat,50,24,48.3,117,108,Home
Boston Celtics,Brooklyn Nets,45,28,49.7,108,110,Away
Milwaukee Bucks,Phoenix Suns,48,23,48.2,119,104,Home
Milwaukee Bucks,Brooklyn Nets,49,33,46.1,97,106,Away
Phoenix Suns,Brooklyn Nets,47,24,50.9,112,109,Home
Chicago Bulls,Golden State Warriors,40,29,50.3,109,102,Home
Boston Celtics,Chicago Bulls,48,25,48.4,115,88,Home
Golden State Warriors,Boston Celtics,44,23,46.5,121,97,Home
Chicago Bulls,Boston Celtics,46,23,44.6,108,110,Away
Milwaukee Bucks,Chicago Bulls,47,29,47.3,107,94,Home
Los Angeles Lakers,Boston Celtics,40,34,50.0,106,96,Home
Milwaukee Bucks,Chicago Bulls,46,27,49.5,115,102,Home
Phoenix Suns,Chicago Bulls,45,25,41.8,95,96,Away
Boston Celtics,Brooklyn Nets,45,35,49.4,115,111,Home
Phoenix Suns,Boston Celtics,46,26,48.8,131,98,Home
Miami Heat,Milwaukee Bucks,45,22,47.9,104,103,Home
Chicago Bulls,Brooklyn Nets,42,27,47.6,99,104,Away
Miami Heat,Chicago Bulls,41,21,46.0,104,122,Away
Brooklyn Nets,Miami Heat,45,20,44.3,109,121,Away
Brooklyn Nets,Milwaukee Bucks,37,18,50.4,119,100,Home
Chicago Bulls,Golden State Warriors,45,16,45.3,106,113,Away
Chicago Bulls,Los Angeles Lakers,39,24,43.0,99,98,Home
Miami Heat,Phoenix Suns,42,22,48.1,118,104,Home
Phoenix Suns,Miami Heat,44,21,46.6,108,125,Away
Chicago Bulls,Brooklyn Nets,38,28,47.8,111,118,Away
Boston Celtics,Brooklyn Nets,46,27,48.4,125,112,Home
Los Angeles Lakers,Golden State Warriors,41,21,46.4,101,105,Away
Miami Heat,Chicago Bulls,48,23,46.4,108,110,Away
Golden State Warriors,Chicago Bulls,35,24,48.2,123,99,Home
Phoenix Suns,Los Angeles Lakers,36,27,45.7,97,100,Away
Phoenix Suns,Los Angeles Lakers,43,23,41.8,104,115,Away
Boston Celtics,Brooklyn Nets,47,23,48.0,114,108,Home
Boston Celtics,Los Angeles Lakers,47,24,48.7,119,117,Home
Phoenix Suns,Chicago Bulls,47,27,47.5,122,106,Home
Milwaukee Bucks,Boston Celtics,41,30,49.8,114,103,Home
Chicago Bulls,Miami Heat,44,25,45.8,107,118,Away
Golden State Warriors,Chicago Bulls,49,26,50.1,110,106,Home
Miami Heat,Chicago Bulls,51,24,44.4,97,94,Home
Chicago Bulls,Boston Celtics,40,22,41.8,94,114,Away
Phoenix Suns,Chicago Bulls,40,30,48.6,122,98,Home
Los Angeles Lakers,Milwaukee Bucks,47,22,49.1,116,111,Home
Golden State Warriors,Phoenix Suns,40,23,49.2,108,109,Away
Milwaukee Bucks,Golden State Warriors,39,28,45.0,110,111,Away
Golden State Warriors,Brooklyn Nets,41,27,48.4,109,95,Home
Golden State Warriors,Chicago Bulls,36,26,43.8,103,101,Home
Golden State Warriors,Brooklyn Nets,47,24,46.9,116,106,Home
Boston Celtics,Miami Heat,46,27,44.7,112,109,Home
Milwaukee Bucks,Los Angeles Lakers,40,25,48.0,112,108,Home
Los Angeles Lakers,Boston Celtics,49,28,43.6,106,118,Away
Los Angeles Lakers,Boston Celtics,45,28,51.9,130,109,Home
Miami Heat,Boston Celtics,48,25,46.6,105,120,Away
Chicago Bulls,Golden State Warriors,39,28,46.5,95,109,Away
Brooklyn Nets,Milwaukee Bucks,35,26,47.9,105,107,Away
Chicago Bulls,Milwaukee Bucks,51,22,42.7,108,122,Away
Boston Celtics,Golden State Warriors,45,29,51.9,118,102,Home
Boston Celtics,Los Angeles Lakers,50,31,49.9,111,121,Away
Chicago Bulls,Milwaukee Bucks,41,23,46.2,118,113,Home
Brooklyn Nets,Phoenix Suns,45,25,45.8,109,85,Home
Boston Celtics,Golden State Warriors,44,27,45.6,111,104,Home
Phoenix Suns,Miami Heat,51,30,46.1,106,104,Home
Milwaukee Bucks,Brooklyn Nets,43,26,46.2,100,108,Away
Milwaukee Bucks,Miami Heat,47,23,50.3,114,107,Home
Los Angeles Lakers,Chicago Bulls,47,25,48.0,108,101,Home
Phoenix Suns,Boston Celtics,43,23,46.9,97,103,Away
Boston Celtics,Los Angeles Lakers,44,25,47.9,113,109,Home
Phoenix Suns,Boston Celtics,47,23,44.3,95,103,Away
Milwaukee Bucks,Miami Heat,43,23,44.9,102,106,Away
Chicago Bulls,Miami Heat,45,22,44.3,93,104,Away
Milwaukee Bucks,Brooklyn Nets,41,27,43.6,99,106,Away
Milwaukee Bucks,Golden State Warriors,45,34,49.0,108,105,Home
Chicago Bulls,Phoenix Suns,36,23,43.2,105,101,Home
Phoenix Suns,Los Angeles Lakers,44,23,51.6,119,120,Away
Brooklyn Nets,Phoenix Suns,46,25,46.6,110,90,Home
Miami Heat,Milwaukee Bucks,42,27,46.4,96,106,Away
Milwaukee Bucks,Miami Heat,51,29,47.9,121,102,Home
Milwaukee Bucks,Los Angeles Lakers,38,23,52.0,121,103,Home
Chicago Bulls,Boston Celtics,42,29,49.4,131,106,Home
Los Angeles Lakers,Milwaukee Bucks,45,20,50.6,109,108,Home
Los Angeles Lakers,Milwaukee Bucks,39,23,44.8,99,102,Away
Phoenix Suns,Chicago Bulls,42,28,44.5,105,113,Away
Milwaukee Bucks,Chicago Bulls,42,24,47.5,121,105,Home
Brooklyn Nets,Milwaukee Bucks,41,25,42.9,103,110,Away
Miami Heat,Golden State Warriors,42,22,44.3,106,116,Away
Brooklyn Nets,Milwaukee Bucks,40,25,40.5,87,106,Away
Milwaukee Bucks,Miami Heat,41,23,46.4,112,103,Home
Boston Celtics,Miami Heat,36,20,47.0,115,83,Home
Golden State Warriors,Miami Heat,42,24,51.2,118,108,Home
Los Angeles Lakers,Boston Celtics,44,18,48.8,115,111,Home
Phoenix Suns,Los Angeles Lakers,60,19,51.6,119,107,Home
Miami Heat,Phoenix Suns,43,23,45.1,107,93,Home
Boston Celtics,Los Angeles Lakers,48,25,45.7,104,115,Away
Milwaukee Bucks,Boston Celtics,42,27,46.3,115,112,Home
Chicago Bulls,Golden State Warriors,50,23,47.0,108,116,Away
Brooklyn Nets,Golden State Warriors,40,26,45.2,103,107,Away
Miami Heat,Milwaukee Bucks,45,24,47.0,121,114,Home
Milwaukee Bucks,Chicago Bulls,48,24,45.9,116,110,Home
Boston Celtics,Phoenix Suns,51,24,47.9,100,102,Away
Phoenix Suns,Chicago Bulls,48,24,48.9,113,106,Home
Milwaukee Bucks,Miami Heat,40,26,40.6,93,91,Home
Miami Heat,Chicago Bulls,48,27,47.7,123,95,Home
Golden State Warriors,Brooklyn Nets,51,28,47.1,120,95,Home
Golden State Warriors,Phoenix Suns,41,24,46.4,100,115,Away
Brooklyn Nets,Chicago Bulls,42,25,44.3,86,105,Away
Chicago Bulls,Phoenix Suns,35,23,41.9,110,113,Away
Miami Heat,Los Angeles Lakers,44,28,44.4,107,109,Away
Milwaukee Bucks,Phoenix Suns,46,30,49.9,120,92,Home
Golden State Warriors,Brooklyn Nets,40,25,47.9,103,123,Away
Miami Heat,Phoenix Suns,50,26,46.7,106,98,Home
Milwaukee Bucks,Phoenix Suns,45,26,45.0,108,104,Home
Chicago Bulls,Phoenix Suns,35,21,44.3,116,110,Home
Miami Heat,Los Angeles Lakers,38,26,42.6,106,101,Home
Brooklyn Nets,Phoenix Suns,43,28,42.5,85,101,Away
Los Angeles Lakers,Milwaukee Bucks,48,20,39.8,88,111,Away
Miami Heat,Milwaukee Bucks,48,23,45.5,114,92,Home
Brooklyn Nets,Miami Heat,41,24,46.8,103,105,Away
Golden State Warriors,Miami Heat,34,23,48.8,107,105,Home
Phoenix Suns,Miami Heat,46,24,47.7,104,103,Home
Milwaukee Bucks,Miami Heat,47,26,46.6,112,110,Home
Chicago Bulls,Los Angeles Lakers,35,27,44.5,104,115,Away
Boston Celtics,Los Angeles Lakers,39,24,47.8,107,119,Away
Los Angeles Lakers,Boston Celtics,40,23,47.4,101,104,Away
Phoenix Suns,Los Angeles Lakers,45,24,47.1,106,93,Home
Golden State Warriors,Phoenix Suns,46,31,47.7,114,111,Home
Boston Celtics,Brooklyn Nets,40,31,49.0,129,98,Home
Phoenix Suns,Boston Celtics,51,27,48.7,116,105,Home
Chicago Bulls,Milwaukee Bucks,48,24,40.4,82,105,Away
Boston Celtics,Brooklyn Nets,46,26,51.5,107,105,Home
Golden State Warriors,Chicago Bulls,37,28,47.5,115,96,Home
Phoenix Suns,Milwaukee Bucks,49,28,48.8,113,111,Home
Chicago Bulls,Boston Celtics,40,26,49.4,122,101,Home
Los Angeles Lakers,Miami Heat,45,21,48.3,116,90,Home
Miami Heat,Golden State Warriors,39,24,45.7,96,109,Away
Phoenix Suns,Brooklyn Nets,45,25,45.4,114,117,Away
Brooklyn Nets,Chicago Bulls,41,22,46.9,105,102,Home
Miami Heat,Los Angeles Lakers,46,19,49.8,116,102,Home
Miami Heat,Milwaukee Bucks,43,24,42.2,109,107,Home
Miami Heat,Los Angeles Lakers,45,27,43.9,105,103,Home
Chicago Bulls,Boston Celtics,46,17,45.1,98,110,Away
Brooklyn Nets,Los Angeles Lakers,45,22,43.9,99,98,Home
Phoenix Suns,Los Angeles Lakers,47,24,40.0,89,97,Away
Brooklyn Nets,Miami Heat,36,20,46.0,116,107,Home
Los Angeles Lakers,Phoenix Suns,41,26,45.8,101,96,Home
Miami Heat,Golden State Warriors,36,23,46.9,108,103,Home
Boston Celtics,Chicago Bulls,41,28,45.2,113,95,Home
Brooklyn Nets,Los Angeles Lakers,40,19,44.4,109,112,Away
Brooklyn Nets,Chicago Bulls,47,25,42.9,95,97,Away
Brooklyn Nets,Boston Celtics,48,20,47.9,117,122,Away
Boston Celtics,Chicago Bulls,43,28,54.2,124,91,Home
Los Angeles Lakers,Boston Celtics,36,27,42.2,94,110,Away
Boston Celtics,Golden State Warriors,45,27,49.1,127,98,Home
Milwaukee Bucks,Chicago Bulls,42,23,50.2,126,107,Home
Boston Celtics,Los Angeles Lakers,49,22,52.7,138,111,Home
Los Angeles Lakers,Golden State Warriors,51,20,45.6,100,112,Away
Los Angeles Lakers,Boston Celtics,40,27,50.3,123,109,Home
Brooklyn Nets,Milwaukee Bucks,39,21,48.8,118,106,Home
Miami Heat,Los Angeles Lakers,42,18,43.8,116,95,Home
Boston Celtics,Phoenix Suns,46,29,45.4,109,113,Away
Los Angeles Lakers,Golden State Warriors,44,33,42.7,107,105,Home
Chicago Bulls,Milwaukee Bucks,46,25,43.5,100,92,Home
Golden State Warriors,Miami Heat,47,26,49.3,124,107,Home
Golden State Warriors,Brooklyn Nets,45,23,45.9,117,115,Home
Phoenix Suns,Chicago Bulls,43,25,45.0,114,108,Home
Miami Heat,Milwaukee Bucks,51,22,45.6,107,112,Away
Golden State Warriors,Brooklyn Nets,43,23,49.9,123,96,Home
Brooklyn Nets,Milwaukee Bucks,48,27,46.0,106,111,Away
Los Angeles Lakers,Miami Heat,40,25,41.5,103,92,Home
Milwaukee Bucks,Brooklyn Nets,51,25,47.6,107,101,Home
Los Angeles Lakers,Phoenix Suns,49,17,50.1,120,96,Home
Phoenix Suns,Chicago Bulls,40,30,44.9,95,112,Away
Chicago Bulls,Brooklyn Nets,44,21,45.8,96,112,Away
Golden State Warriors,Brooklyn Nets,48,27,48.6,128,103,Home
Phoenix Suns,Los Angeles Lakers,39,26,52.5,115,102,Home
Golden State Warriors,Boston Celtics,46,25,45.2,115,126,Away
Boston Celtics,Los Angeles Lakers,46,23,44.6,107,114,Away
Boston Celtics,Phoenix Suns,47,26,47.0,103,112,Away
Miami Heat,Brooklyn Nets,47,20,50.5,122,115,Home
Milwaukee Bucks,Brooklyn Nets,39,22,47.7,117,118,Away
Chicago Bulls,Los Angeles Lakers,46,23,42.7,106,97,Home
Golden State Warriors,Chicago Bulls,51,25,51.7,127,102,Home
Brooklyn Nets,Phoenix Suns,41,23,46.8,108,101,Home
Phoenix Suns,Golden State Warriors,43,25,42.0,101,98,Home
Chicago Bulls,Boston Celtics,38,19,40.8,81,101,Away
Phoenix Suns,Brooklyn Nets,52,24,47.7,115,105,Home
Chicago Bulls,Miami Heat,42,20,48.9,126,91,Home
Golden State Warriors,Boston Celtics,40,25,45.3,110,101,Home
Chicago Bulls,Boston Celtics,51,27,45.8,112,116,Away
Milwaukee Bucks,Boston Celtics,42,23,48.3,121,108,Home
Boston Celtics,Miami Heat,38,24,48.3,114,120,Away
Phoenix Suns,Los Angeles Lakers,38,27,51.0,138,102,Home
Golden State Warriors,Chicago Bulls,46,27,48.2,112,106,Home
Golden State Warriors,Los Angeles Lakers,34,27,48.0,111,121,Away
Chicago Bulls,Los Angeles Lakers,40,22,50.3,109,101,Home
Miami Heat,Chicago Bulls,43,27,47.0,98,99,Away
Boston Celtics,Milwaukee Bucks,42,26,49.6,121,92,Home
Los Angeles Lakers,Milwaukee Bucks,48,26,50.4,121,115,Home
Miami Heat,Phoenix Suns,45,29,47.8,110,124,Away
Golden State Warriors,Brooklyn Nets,48,27,44.5,94,106,Away
Miami Heat,Chicago Bulls,44,23,46.9,121,109,Home
Chicago Bulls,Phoenix Suns,38,23,43.3,95,102,Away
Los Angeles Lakers,Boston Celtics,42,21,46.6,104,84,Home
Milwaukee Bucks,Boston Celtics,53,29,47.2,111,98,Home
Golden State Warriors,Milwaukee Bucks,51,31,48.1,121,108,Home
Brooklyn Nets,Golden State Warriors,38,23,46.0,102,104,Away
Phoenix Suns,Golden State Warriors,44,25,47.4,102,100,Home
Golden State Warriors,Boston Celtics,39,28,42.4,108,118,Away
Miami Heat,Los Angeles Lakers,42,17,45.6,105,97,Home
Milwaukee Bucks,Phoenix Suns,42,30,49.8,110,93,Home
Brooklyn Nets,Chicago Bulls,42,23,46.9,103,107,Away
Chicago Bulls,Phoenix Suns,50,26,45.2,101,103,Away
Los Angeles Lakers,Milwaukee Bucks,48,23,47.0,110,102,Home
Milwaukee Bucks,Los Angeles Lakers,39,27,47.9,117,101,Home
Boston Celtics,Phoenix Suns,50,23,52.8,112,109,Home
Milwaukee Bucks,Boston Celtics,46,23,49.2,126,89,Home
Miami Heat,Los Angeles Lakers,46,17,44.1,115,100,Home
Boston Celtics,Chicago Bulls,40,25,53.7,113,95,Home
Boston Celtics,Milwaukee Bucks,51,32,48.2,104,123,Away
Chicago Bulls,Los Angeles Lakers,49,26,43.3,98,104,Away
Boston Celtics,Miami Heat,46,30,50.7,112,116,Away
Los Angeles Lakers,Phoenix Suns,45,27,50.6,109,105,Home
Brooklyn Nets,Phoenix Suns,41,19,46.6,127,91,Home
Chicago Bulls,Brooklyn Nets,43,26,45.6,103,93,Home
Miami Heat,Golden State Warriors,44,22,41.0,103,114,Away
Miami Heat,Boston Celtics,44,25,49.2,116,114,Home
Miami Heat,Chicago Bulls,42,28,47.3,111,93,Home
Golden State Warriors,Los Angeles Lakers,45,23,46.1,101,96,Home
Boston Celtics,Golden State Warriors,53,30,53.3,117,107,Home
Los Angeles Lakers,Miami Heat,39,23,44.6,113,101,Home
Golden State Warriors,Boston Celtics,49,27,53.5,115,117,Away
Phoenix Suns,Miami Heat,49,22,49.8,119,103,Home
Chicago Bulls,Brooklyn Nets,39,21,50.4,116,110,Home
Phoenix Suns,Brooklyn Nets,41,23,50.0,106,100,Home
Milwaukee Bucks,Golden State Warriors,45,26,47.7,116,112,Home
Golden State Warriors,Boston Celtics,47,22,47.0,120,114,Home
Chicago Bulls,Los Angeles Lakers,37,25,40.4,91,120,Away
Milwaukee Bucks,Miami Heat,41,23,50.0,106,99,Home
Phoenix Suns,Milwaukee Bucks,46,23,46.7,115,110,Home
Milwaukee Bucks,Los Angeles Lakers,46,25,49.0,115,109,Home
Brooklyn Nets,Phoenix Suns,41,23,43.2,98,99,Away
Los Angeles Lakers,Phoenix Suns,39,26,47.4,117,102,Home
Brooklyn Nets,Boston Celtics,45,26,46.8,101,108,Away
Brooklyn Nets,Chicago Bulls,44,24,40.5,93,121,Away
Boston Celtics,Chicago Bulls,43,24,49.4,120,113,Home
Milwaukee Bucks,Boston Celtics,39,28,49.6,116,110,Home
Miami Heat,Los Angeles Lakers,48,27,43.6,107,104,Home
Los Angeles Lakers,Brooklyn Nets,44,25,46.5,118,103,Home
Chicago Bulls,Golden State Warriors,38,22,45.7,114,111,Home
Boston Celtics,Brooklyn Nets,41,33,49.2,127,102,Home
Brooklyn Nets,Milwaukee Bucks,45,26,48.7,120,113,Home
Miami Heat,Los Angeles Lakers,42,23,47.3,117,103,Home
Chicago Bulls,Phoenix Suns,47,28,43.0,91,104,Away
Los Angeles Lakers,Brooklyn Nets,45,23,50.3,121,104,Home
Los Angeles Lakers,Brooklyn Nets,38,21,47.6,94,112,Away
Golden State Warriors,Chicago Bulls,44,35,53.5,125,102,Home
Miami Heat,Milwaukee Bucks,47,30,42.4,83,102,Away
Chicago Bulls,Milwaukee Bucks,45,25,48.0,100,88,Home
Chicago Bulls,Miami Heat,46,21,40.3,92,111,Away
Chicago Bulls,Boston Celtics,42,22,44.9,99,96,Home
Golden State Warriors,Brooklyn Nets,41,27,48.5,115,96,Home
Los Angeles Lakers,Boston Celtics,43,18,47.3,121,95,Home
Boston Celtics,Chicago Bulls,42,27,51.6,119,97,Home
Phoenix Suns,Chicago Bulls,36,25,52.4,125,103,Home
Miami Heat,Los Angeles Lakers,45,24,44.5,109,107,Home
Chicago Bulls,Phoenix Suns,43,21,48.6,117,101,Home
Golden State Warriors,Phoenix Suns,48,24,45.7,101,91,Home
Chicago Bulls,Milwaukee Bucks,45,18,42.2,79,106,Away
Chicago Bulls,Milwaukee Bucks,42,23,42.7,87,110,Away
Golden State Warriors,Brooklyn Nets,42,26,45.5,108,114,Away
Milwaukee Bucks,Miami Heat,47,24,48.7,113,105,Home
Miami Heat,Golden State Warriors,42,24,47.0,101,98,Home
Miami Heat,Chicago Bulls,38,20,43.5,101,96,Home
Boston Celtics,Los Angeles Lakers,47,26,43.6,108,111,Away
Golden State Warriors,Milwaukee Bucks,40,27,45.6,108,96,Home
Brooklyn Nets,Chicago Bulls,36,23,45.4,101,94,Home
Miami Heat,Boston Celtics,42,25,46.4,109,102,Home
Boston Celtics,Golden State Warriors,49,22,49.7,127,110,Home
Golden State Warriors,Phoenix Suns,43,24,50.3,107,98,Home
Milwaukee Bucks,Golden State Warriors,43,29,49.0,108,104,Home
Boston Celtics,Milwaukee Bucks,42,24,50.9,110,119,Away
Boston Celtics,Chicago Bulls,48,29,47.3,111,92,Home
Golden State Warriors,Phoenix Suns,42,27,50.9,111,103,Home
Phoenix Suns,Brooklyn Nets,43,21,48.8,108,102,Home
Phoenix Suns,Miami Heat,42,23,47.3,109,102,Home
Miami Heat,Chicago Bulls,41,25,50.6,119,111,Home
Miami Heat,Golden State Warriors,38,25,43.8,89,100,Away
Phoenix Suns,Los Angeles Lakers,49,28,47.9,100,103,Away
Phoenix Suns,Brooklyn Nets,45,26,42.7,92,103,Away
Milwaukee Bucks,Chicago Bulls,47,19,47.7,114,110,Home
Milwaukee Bucks,Phoenix Suns,47,27,46.1,93,102,Away
Los Angeles Lakers,Boston Celtics,48,29,48.7,117,110,Home
Golden State Warriors,Boston Celtics,42,25,51.9,115,120,Away
Phoenix Suns,Brooklyn Nets,43,29,43.8,106,98,Home
Los Angeles Lakers,Phoenix Suns,38,25,49.4,108,94,Home
Miami Heat,Chicago Bulls,43,24,47.9,119,103,Home
Milwaukee Bucks,Los Angeles Lakers,52,26,47.2,98,103,Away
Golden State Warriors,Milwaukee Bucks,43,28,48.9,106,108,Away
Chicago Bulls,Brooklyn Nets,45,28,47.5,115,104,Home
Los Angeles Lakers,Brooklyn Nets,45,29,43.6,98,97,Home
Brooklyn Nets,Boston Celtics,45,28,44.2,82,104,Away
Phoenix Suns,Milwaukee Bucks,48,27,48.4,111,96,Home
Boston Celtics,Los Angeles Lakers,47,23,54.0,133,100,Home
Phoenix Suns,Los Angeles Lakers,42,25,46.7,118,106,Home
Miami Heat,Phoenix Suns,41,30,46.6,114,101,Home
Golden State Warriors,Milwaukee Bucks,46,26,43.0,116,117,Away
Boston Celtics,Los Angeles Lakers,43,23,49.4,118,108,Home
Brooklyn Nets,Miami Heat,44,25,49.3,118,96,Home
Phoenix Suns,Brooklyn Nets,49,30,55.2,121,105,Home
Boston Celtics,Phoenix Suns,36,28,47.1,127,99,Home
Miami Heat,Boston Celtics,37,23,41.6,101,90,Home
Chicago Bulls,Brooklyn Nets,43,17,44.5,114,106,Home
